[INFO] Scanning for projects...
[INFO] 
[INFO] ---------------------< org.ninja:ninja-demo-todo >----------------------
[INFO] Building ninja-demo-todo 10.0-SNAPSHOT
[INFO]   from pom.xml
[INFO] --------------------------------[ jar ]---------------------------------
[INFO] 
[INFO] --- exec:3.5.0:java (default-cli) @ ninja-demo-todo ---
19:22:11.380 [org.ninjax.demo.todo.TodoApplication.main()] DEBUG org.flywaydb.core.internal.scanner.classpath.ClassPathScanner -- Scanning for classpath resources at 'classpath:db/callback' ...
19:22:11.382 [org.ninjax.demo.todo.TodoApplication.main()] DEBUG org.flywaydb.core.internal.scanner.classpath.ClassPathScanner -- Determining location urls for classpath:db/callback using ClassLoader org.codehaus.mojo.exec.URLClassLoaderBuilder$ExecJavaClassLoader@158f4cfe ...
19:22:11.382 [org.ninjax.demo.todo.TodoApplication.main()] DEBUG org.flywaydb.core.internal.scanner.classpath.ClassPathScanner -- Unable to resolve location classpath:db/callback.
19:22:11.382 [org.ninjax.demo.todo.TodoApplication.main()] DEBUG org.flywaydb.core.internal.scanner.classpath.ClassPathScanner -- Scanning for classpath resources at 'classpath:migrations/default' ...
19:22:11.382 [org.ninjax.demo.todo.TodoApplication.main()] DEBUG org.flywaydb.core.internal.scanner.classpath.ClassPathScanner -- Determining location urls for classpath:migrations/default using ClassLoader org.codehaus.mojo.exec.URLClassLoaderBuilder$ExecJavaClassLoader@158f4cfe ...
19:22:11.382 [org.ninjax.demo.todo.TodoApplication.main()] DEBUG org.flywaydb.core.internal.scanner.classpath.ClassPathScanner -- Scanning URL: file:/Users/ra/workspace/ninjax/ninja-demo-todo/target/classes/migrations/default
19:22:11.382 [org.ninjax.demo.todo.TodoApplication.main()] DEBUG org.flywaydb.core.internal.scanner.classpath.FileSystemClassPathLocationScanner -- Scanning starting at classpath root in filesystem: /Users/ra/workspace/ninjax/ninja-demo-todo/target/classes/
19:22:11.382 [org.ninjax.demo.todo.TodoApplication.main()] DEBUG org.flywaydb.core.internal.scanner.classpath.FileSystemClassPathLocationScanner -- Scanning for resources in path: /Users/ra/workspace/ninjax/ninja-demo-todo/target/classes/migrations/default (migrations/default)
19:22:11.383 [org.ninjax.demo.todo.TodoApplication.main()] DEBUG org.flywaydb.core.internal.scanner.classpath.ClassPathScanner -- Found resource: migrations/default/V1__Create_tasks_table.sql
19:22:11.383 [org.ninjax.demo.todo.TodoApplication.main()] DEBUG org.flywaydb.core.internal.scanner.classpath.ClassPathScanner -- Scanning for classes at classpath:migrations/default
19:22:11.457 [org.ninjax.demo.todo.TodoApplication.main()] DEBUG org.flywaydb.core.internal.resource.ResourceNameValidator -- Validating V1__Create_tasks_table.sql
19:22:11.471 [org.ninjax.demo.todo.TodoApplication.main()] INFO org.flywaydb.core.FlywayExecutor -- Database: jdbc:h2:mem:todo (H2 2.3)
19:22:11.471 [org.ninjax.demo.todo.TodoApplication.main()] DEBUG org.flywaydb.core.FlywayExecutor -- Database Type: H2
19:22:11.471 [org.ninjax.demo.todo.TodoApplication.main()] DEBUG org.flywaydb.core.FlywayExecutor -- Driver: H2 JDBC Driver 2.3.232 (2024-08-11)
19:22:11.471 [org.ninjax.demo.todo.TodoApplication.main()] DEBUG org.flywaydb.core.FlywayExecutor -- DDL Transactions Supported: false
19:22:11.471 [org.ninjax.demo.todo.TodoApplication.main()] DEBUG org.flywaydb.core.internal.schemahistory.SchemaHistoryFactory -- Schemas: 
19:22:11.471 [org.ninjax.demo.todo.TodoApplication.main()] DEBUG org.flywaydb.core.internal.schemahistory.SchemaHistoryFactory -- Default schema: null
19:22:11.474 [org.ninjax.demo.todo.TodoApplication.main()] DEBUG org.flywaydb.core.FlywayExecutor -- Scanning for script callbacks ...
19:22:11.475 [org.ninjax.demo.todo.TodoApplication.main()] DEBUG org.flywaydb.core.internal.callback.SqlScriptCallbackFactory -- Scanning for SQL callbacks ...
19:22:11.479 [org.ninjax.demo.todo.TodoApplication.main()] DEBUG org.flywaydb.core.internal.command.DbValidate -- Validating migrations ...
19:22:11.480 [org.ninjax.demo.todo.TodoApplication.main()] DEBUG org.flywaydb.core.api.configuration.ClassicConfiguration -- CherryPickConfigurationExtension not found
19:22:11.482 [org.ninjax.demo.todo.TodoApplication.main()] DEBUG org.flywaydb.core.internal.scanner.Scanner -- Filtering out resource: migrations/default/V1__Create_tasks_table.sql (filename: V1__Create_tasks_table.sql)
19:22:11.482 [org.ninjax.demo.todo.TodoApplication.main()] DEBUG org.flywaydb.core.internal.scanner.Scanner -- Filtering out resource: migrations/default/V1__Create_tasks_table.sql (filename: V1__Create_tasks_table.sql)
19:22:11.483 [org.ninjax.demo.todo.TodoApplication.main()] DEBUG org.flywaydb.core.internal.scanner.Scanner -- Filtering out resource: migrations/default/V1__Create_tasks_table.sql (filename: V1__Create_tasks_table.sql)
19:22:11.483 [org.ninjax.demo.todo.TodoApplication.main()] DEBUG org.flywaydb.core.internal.scanner.Scanner -- Filtering out resource: migrations/default/V1__Create_tasks_table.sql (filename: V1__Create_tasks_table.sql)
19:22:11.484 [org.ninjax.demo.todo.TodoApplication.main()] INFO org.flywaydb.core.internal.schemahistory.JdbcTableSchemaHistory -- Schema history table "PUBLIC"."flyway_schema_history" does not exist yet
19:22:11.485 [org.ninjax.demo.todo.TodoApplication.main()] INFO org.flywaydb.core.internal.command.DbValidate -- Successfully validated 1 migration (execution time 00:00.005s)
19:22:11.486 [org.ninjax.demo.todo.TodoApplication.main()] DEBUG org.flywaydb.core.internal.command.DbSchemas -- Skipping creation of existing schema: "PUBLIC"
19:22:11.488 [org.ninjax.demo.todo.TodoApplication.main()] INFO org.flywaydb.core.internal.schemahistory.JdbcTableSchemaHistory -- Creating Schema History table "PUBLIC"."flyway_schema_history" ...
19:22:11.490 [org.ninjax.demo.todo.TodoApplication.main()] DEBUG org.flywaydb.core.internal.parser.Parser -- Parsing  ...
19:22:11.495 [org.ninjax.demo.todo.TodoApplication.main()] DEBUG org.flywaydb.core.internal.sqlscript.ParserSqlScript -- Found statement at line 1: CREATE TABLE IF NOT EXISTS "PUBLIC"."flyway_schema_history" (
    "installed_rank" INT NOT NULL,
    "version" VARCHAR(50),
    "description" VARCHAR(200) NOT NULL,
    "type" VARCHAR(20) NOT NULL,
    "script" VARCHAR(1000) NOT NULL,
    "checksum" INT,
    "installed_by" VARCHAR(100) NOT NULL,
    "installed_on" TIMESTAMP NOT NULL DEFAULT CURRENT_TIMESTAMP,
    "execution_time" INT NOT NULL,
    "success" BOOLEAN NOT NULL,
    CONSTRAINT "flyway_schema_history_pk" PRIMARY KEY ("installed_rank")
) AS SELECT -1, NULL, '<< Flyway Schema History table created >>', 'TABLE', '', NULL, 'SA', CURRENT_TIMESTAMP, 0, TRUE
19:22:11.495 [org.ninjax.demo.todo.TodoApplication.main()] DEBUG org.flywaydb.core.internal.sqlscript.ParserSqlScript -- Found statement at line 14: CREATE INDEX "PUBLIC"."flyway_schema_history_s_idx" ON "PUBLIC"."flyway_schema_history" ("success")
19:22:11.495 [org.ninjax.demo.todo.TodoApplication.main()] DEBUG org.flywaydb.core.internal.sqlscript.DefaultSqlScriptExecutor -- Executing SQL: CREATE TABLE IF NOT EXISTS "PUBLIC"."flyway_schema_history" (
    "installed_rank" INT NOT NULL,
    "version" VARCHAR(50),
    "description" VARCHAR(200) NOT NULL,
    "type" VARCHAR(20) NOT NULL,
    "script" VARCHAR(1000) NOT NULL,
    "checksum" INT,
    "installed_by" VARCHAR(100) NOT NULL,
    "installed_on" TIMESTAMP NOT NULL DEFAULT CURRENT_TIMESTAMP,
    "execution_time" INT NOT NULL,
    "success" BOOLEAN NOT NULL,
    CONSTRAINT "flyway_schema_history_pk" PRIMARY KEY ("installed_rank")
) AS SELECT -1, NULL, '<< Flyway Schema History table created >>', 'TABLE', '', NULL, 'SA', CURRENT_TIMESTAMP, 0, TRUE
19:22:11.499 [org.ninjax.demo.todo.TodoApplication.main()] DEBUG org.flywaydb.core.internal.sqlscript.DefaultSqlScriptExecutor -- 0 rows affected
19:22:11.499 [org.ninjax.demo.todo.TodoApplication.main()] DEBUG org.flywaydb.core.internal.sqlscript.DefaultSqlScriptExecutor -- Executing SQL: CREATE INDEX "PUBLIC"."flyway_schema_history_s_idx" ON "PUBLIC"."flyway_schema_history" ("success")
19:22:11.500 [org.ninjax.demo.todo.TodoApplication.main()] DEBUG org.flywaydb.core.internal.sqlscript.DefaultSqlScriptExecutor -- 0 rows affected
19:22:11.500 [org.ninjax.demo.todo.TodoApplication.main()] DEBUG org.flywaydb.core.internal.schemahistory.JdbcTableSchemaHistory -- Created Schema History table "PUBLIC"."flyway_schema_history"
19:22:11.503 [org.ninjax.demo.todo.TodoApplication.main()] DEBUG org.flywaydb.core.api.configuration.ClassicConfiguration -- CherryPickConfigurationExtension not found
19:22:11.504 [org.ninjax.demo.todo.TodoApplication.main()] INFO org.flywaydb.core.internal.command.DbMigrate -- Current version of schema "PUBLIC": << Empty Schema >>
19:22:11.505 [org.ninjax.demo.todo.TodoApplication.main()] DEBUG org.flywaydb.core.internal.parser.Parser -- Parsing V1__Create_tasks_table.sql ...
19:22:11.506 [org.ninjax.demo.todo.TodoApplication.main()] DEBUG org.flywaydb.core.internal.sqlscript.ParserSqlScript -- Found statement at line 1: CREATE TABLE IF NOT EXISTS tasks (
    id BIGINT AUTO_INCREMENT PRIMARY KEY,
    title VARCHAR(255) NOT NULL,
    description TEXT,
    created_at TIMESTAMP NOT NULL DEFAULT CURRENT_TIMESTAMP,
    completed BOOLEAN NOT NULL DEFAULT FALSE
)
19:22:11.507 [org.ninjax.demo.todo.TodoApplication.main()] DEBUG org.flywaydb.core.internal.command.DbMigrate -- Starting migration of schema "PUBLIC" to version "1 - Create tasks table" ...
19:22:11.508 [org.ninjax.demo.todo.TodoApplication.main()] INFO org.flywaydb.core.internal.command.DbMigrate -- Migrating schema "PUBLIC" to version "1 - Create tasks table"
19:22:11.508 [org.ninjax.demo.todo.TodoApplication.main()] DEBUG org.flywaydb.core.internal.sqlscript.DefaultSqlScriptExecutor -- Executing SQL: CREATE TABLE IF NOT EXISTS tasks (
    id BIGINT AUTO_INCREMENT PRIMARY KEY,
    title VARCHAR(255) NOT NULL,
    description TEXT,
    created_at TIMESTAMP NOT NULL DEFAULT CURRENT_TIMESTAMP,
    completed BOOLEAN NOT NULL DEFAULT FALSE
)
19:22:11.510 [org.ninjax.demo.todo.TodoApplication.main()] DEBUG org.flywaydb.core.internal.sqlscript.DefaultSqlScriptExecutor -- 0 rows affected
19:22:11.510 [org.ninjax.demo.todo.TodoApplication.main()] DEBUG org.flywaydb.core.internal.command.DbMigrate -- Successfully completed migration of schema "PUBLIC" to version "1 - Create tasks table"
19:22:11.512 [org.ninjax.demo.todo.TodoApplication.main()] DEBUG org.flywaydb.core.internal.schemahistory.JdbcTableSchemaHistory -- Schema History table "PUBLIC"."flyway_schema_history" successfully updated to reflect changes
19:22:11.512 [org.ninjax.demo.todo.TodoApplication.main()] DEBUG org.flywaydb.core.api.configuration.ClassicConfiguration -- CherryPickConfigurationExtension not found
19:22:11.517 [org.ninjax.demo.todo.TodoApplication.main()] INFO org.flywaydb.core.internal.command.DbMigrate -- Successfully applied 1 migration to schema "PUBLIC", now at version v1 (execution time 00:00.003s)
19:22:11.518 [org.ninjax.demo.todo.TodoApplication.main()] DEBUG org.flywaydb.core.FlywayExecutor -- Memory usage: 41 of 56M
19:22:11.521 [org.ninjax.demo.todo.TodoApplication.main()] DEBUG com.zaxxer.hikari.util.UtilityElf -- Class org.h2.Driver found in Thread context class loader org.codehaus.mojo.exec.URLClassLoaderBuilder$ExecJavaClassLoader@158f4cfe
19:22:11.523 [org.ninjax.demo.todo.TodoApplication.main()] DEBUG com.zaxxer.hikari.HikariConfig -- HikariPool-1 - configuration:
19:22:11.523 [org.ninjax.demo.todo.TodoApplication.main()] DEBUG com.zaxxer.hikari.HikariConfig -- allowPoolSuspension.............false
19:22:11.523 [org.ninjax.demo.todo.TodoApplication.main()] DEBUG com.zaxxer.hikari.HikariConfig -- autoCommit......................true
19:22:11.523 [org.ninjax.demo.todo.TodoApplication.main()] DEBUG com.zaxxer.hikari.HikariConfig -- catalog.........................none
19:22:11.523 [org.ninjax.demo.todo.TodoApplication.main()] DEBUG com.zaxxer.hikari.HikariConfig -- connectionInitSql...............none
19:22:11.524 [org.ninjax.demo.todo.TodoApplication.main()] DEBUG com.zaxxer.hikari.HikariConfig -- connectionTestQuery.............none
19:22:11.524 [org.ninjax.demo.todo.TodoApplication.main()] DEBUG com.zaxxer.hikari.HikariConfig -- connectionTimeout...............30000
19:22:11.524 [org.ninjax.demo.todo.TodoApplication.main()] DEBUG com.zaxxer.hikari.HikariConfig -- credentials.....................com.zaxxer.hikari.util.Credentials@d8fd496
19:22:11.524 [org.ninjax.demo.todo.TodoApplication.main()] DEBUG com.zaxxer.hikari.HikariConfig -- credentialsProvider.............none
19:22:11.524 [org.ninjax.demo.todo.TodoApplication.main()] DEBUG com.zaxxer.hikari.HikariConfig -- credentialsProviderClassName....none
19:22:11.524 [org.ninjax.demo.todo.TodoApplication.main()] DEBUG com.zaxxer.hikari.HikariConfig -- dataSource......................none
19:22:11.524 [org.ninjax.demo.todo.TodoApplication.main()] DEBUG com.zaxxer.hikari.HikariConfig -- dataSourceClassName.............none
19:22:11.524 [org.ninjax.demo.todo.TodoApplication.main()] DEBUG com.zaxxer.hikari.HikariConfig -- dataSourceJNDI..................none
19:22:11.524 [org.ninjax.demo.todo.TodoApplication.main()] DEBUG com.zaxxer.hikari.HikariConfig -- dataSourceProperties............{password=<masked>}
19:22:11.524 [org.ninjax.demo.todo.TodoApplication.main()] DEBUG com.zaxxer.hikari.HikariConfig -- driverClassName................."org.h2.Driver"
19:22:11.524 [org.ninjax.demo.todo.TodoApplication.main()] DEBUG com.zaxxer.hikari.HikariConfig -- exceptionOverride...............none
19:22:11.524 [org.ninjax.demo.todo.TodoApplication.main()] DEBUG com.zaxxer.hikari.HikariConfig -- exceptionOverrideClassName......none
19:22:11.524 [org.ninjax.demo.todo.TodoApplication.main()] DEBUG com.zaxxer.hikari.HikariConfig -- healthCheckProperties...........{}
19:22:11.524 [org.ninjax.demo.todo.TodoApplication.main()] DEBUG com.zaxxer.hikari.HikariConfig -- healthCheckRegistry.............none
19:22:11.525 [org.ninjax.demo.todo.TodoApplication.main()] DEBUG com.zaxxer.hikari.HikariConfig -- idleTimeout.....................600000
19:22:11.525 [org.ninjax.demo.todo.TodoApplication.main()] DEBUG com.zaxxer.hikari.HikariConfig -- initializationFailTimeout.......1
19:22:11.525 [org.ninjax.demo.todo.TodoApplication.main()] DEBUG com.zaxxer.hikari.HikariConfig -- isolateInternalQueries..........false
19:22:11.525 [org.ninjax.demo.todo.TodoApplication.main()] DEBUG com.zaxxer.hikari.HikariConfig -- jdbcUrl.........................jdbc:h2:mem:todo;DB_CLOSE_DELAY=-1
19:22:11.525 [org.ninjax.demo.todo.TodoApplication.main()] DEBUG com.zaxxer.hikari.HikariConfig -- keepaliveTime...................120000
19:22:11.525 [org.ninjax.demo.todo.TodoApplication.main()] DEBUG com.zaxxer.hikari.HikariConfig -- leakDetectionThreshold..........0
19:22:11.525 [org.ninjax.demo.todo.TodoApplication.main()] DEBUG com.zaxxer.hikari.HikariConfig -- maxLifetime.....................1800000
19:22:11.525 [org.ninjax.demo.todo.TodoApplication.main()] DEBUG com.zaxxer.hikari.HikariConfig -- maximumPoolSize.................10
19:22:11.525 [org.ninjax.demo.todo.TodoApplication.main()] DEBUG com.zaxxer.hikari.HikariConfig -- metricRegistry..................none
19:22:11.525 [org.ninjax.demo.todo.TodoApplication.main()] DEBUG com.zaxxer.hikari.HikariConfig -- metricsTrackerFactory...........none
19:22:11.525 [org.ninjax.demo.todo.TodoApplication.main()] DEBUG com.zaxxer.hikari.HikariConfig -- minimumIdle.....................10
19:22:11.525 [org.ninjax.demo.todo.TodoApplication.main()] DEBUG com.zaxxer.hikari.HikariConfig -- password........................<masked>
19:22:11.525 [org.ninjax.demo.todo.TodoApplication.main()] DEBUG com.zaxxer.hikari.HikariConfig -- poolName........................"HikariPool-1"
19:22:11.525 [org.ninjax.demo.todo.TodoApplication.main()] DEBUG com.zaxxer.hikari.HikariConfig -- readOnly........................false
19:22:11.525 [org.ninjax.demo.todo.TodoApplication.main()] DEBUG com.zaxxer.hikari.HikariConfig -- registerMbeans..................false
19:22:11.525 [org.ninjax.demo.todo.TodoApplication.main()] DEBUG com.zaxxer.hikari.HikariConfig -- scheduledExecutor...............none
19:22:11.525 [org.ninjax.demo.todo.TodoApplication.main()] DEBUG com.zaxxer.hikari.HikariConfig -- schema..........................none
19:22:11.525 [org.ninjax.demo.todo.TodoApplication.main()] DEBUG com.zaxxer.hikari.HikariConfig -- threadFactory...................internal
19:22:11.525 [org.ninjax.demo.todo.TodoApplication.main()] DEBUG com.zaxxer.hikari.HikariConfig -- transactionIsolation............default
19:22:11.525 [org.ninjax.demo.todo.TodoApplication.main()] DEBUG com.zaxxer.hikari.HikariConfig -- username........................"sa"
19:22:11.525 [org.ninjax.demo.todo.TodoApplication.main()] DEBUG com.zaxxer.hikari.HikariConfig -- validationTimeout...............5000
19:22:11.527 [org.ninjax.demo.todo.TodoApplication.main()] INFO com.zaxxer.hikari.HikariDataSource -- HikariPool-1 - Starting...
19:22:11.532 [org.ninjax.demo.todo.TodoApplication.main()] DEBUG com.zaxxer.hikari.pool.PoolBase -- HikariPool-1 - Attempting to create/setup new connection (bd2b9d46-8803-4d03-b612-e5f620bc3b26)
19:22:11.532 [org.ninjax.demo.todo.TodoApplication.main()] DEBUG com.zaxxer.hikari.pool.PoolBase -- HikariPool-1 - Established new connection (bd2b9d46-8803-4d03-b612-e5f620bc3b26)
19:22:11.533 [org.ninjax.demo.todo.TodoApplication.main()] INFO com.zaxxer.hikari.pool.HikariPool -- HikariPool-1 - Added connection conn2: url=jdbc:h2:mem:todo user=SA
19:22:11.534 [org.ninjax.demo.todo.TodoApplication.main()] INFO com.zaxxer.hikari.HikariDataSource -- HikariPool-1 - Start completed.
     _______  .___ _______        ____.  _____
     \      \ |   |\      \      |    | /  _  \
     /   |   \|   |/   |   \     |    |/  /_\  \
    /    |    \   /    |    \/\__|    /    |    \
    \____|__  /___\____|__  /\________\____|__  /
            \/            \/                  \/

19:22:11.576 [org.ninjax.demo.todo.TodoApplication.main()] DEBUG org.eclipse.jetty.util.component.ContainerLifeCycle -- QueuedThreadPool[qtp846993064]@327c16a8{STOPPED,8<=0<=200,i=0,r=-1,t=-66414875ms,q=0}[NO_TRY] added {org.eclipse.jetty.util.thread.ThreadPoolBudget@77b5cfb9,POJO}
19:22:11.580 [org.ninjax.demo.todo.TodoApplication.main()] DEBUG org.eclipse.jetty.util.component.ContainerLifeCycle -- Server@783c9722{STOPPED}[11.0.25,sto=0] added {QueuedThreadPool[qtp846993064]@327c16a8{STOPPED,8<=0<=200,i=0,r=-1,t=-66414881ms,q=0}[NO_TRY],AUTO}
19:22:11.582 [org.ninjax.demo.todo.TodoApplication.main()] DEBUG org.eclipse.jetty.util.component.ContainerLifeCycle -- Server@783c9722{STOPPED}[11.0.25,sto=0] added {AttributeContainerMap@1399fcaa{size=0},AUTO}
19:22:11.596 [org.ninjax.demo.todo.TodoApplication.main()] DEBUG org.eclipse.jetty.util.component.ContainerLifeCycle -- HttpConnectionFactory@1ab001e4[HTTP/1.1] added {HttpConfiguration@56b4f5f6{32768/8192,8192/8192,https://:0,[]},POJO}
19:22:11.598 [org.ninjax.demo.todo.TodoApplication.main()] DEBUG org.eclipse.jetty.util.component.ContainerLifeCycle -- ServerConnector@5c0ecbdb{null, ()}{0.0.0.0:0} added {QueuedThreadPool[qtp846993064]@327c16a8{STOPPED,8<=0<=200,i=0,r=-1,t=-66414896ms,q=0}[NO_TRY],AUTO}
19:22:11.598 [org.ninjax.demo.todo.TodoApplication.main()] DEBUG org.eclipse.jetty.util.component.ContainerLifeCycle -- ServerConnector@5c0ecbdb{null, ()}{0.0.0.0:0} added {ScheduledExecutorScheduler@29d64daa{STOPPED},AUTO}
19:22:11.601 [org.ninjax.demo.todo.TodoApplication.main()] DEBUG org.eclipse.jetty.util.component.ContainerLifeCycle -- Server@783c9722{STOPPED}[11.0.25,sto=0] added {LogarithmicArrayByteBufferPool@8fcdb33{minBufferCapacity=0, maxBufferCapacity=65536, maxQueueLength=-1, factor=4096},POJO}
19:22:11.601 [org.ninjax.demo.todo.TodoApplication.main()] DEBUG org.eclipse.jetty.util.component.ContainerLifeCycle -- ServerConnector@5c0ecbdb{null, ()}{0.0.0.0:0} added {LogarithmicArrayByteBufferPool@8fcdb33{minBufferCapacity=0, maxBufferCapacity=65536, maxQueueLength=-1, factor=4096},UNMANAGED}
19:22:11.601 [org.ninjax.demo.todo.TodoApplication.main()] DEBUG org.eclipse.jetty.util.component.ContainerLifeCycle -- ServerConnector@5c0ecbdb{null, ()}{0.0.0.0:0} added {org.eclipse.jetty.io.LogarithmicArrayByteBufferPool$LogarithmicRetainablePool@6391dd65{min=0,max=65536,buckets=17,heap=0/-1,direct=0/-1},POJO}
19:22:11.601 [org.ninjax.demo.todo.TodoApplication.main()] DEBUG org.eclipse.jetty.util.component.ContainerLifeCycle -- ServerConnector@5c0ecbdb{null, ()}{0.0.0.0:0} added {org.eclipse.jetty.server.AbstractConnector$1@554907ca,POJO}
19:22:11.602 [org.ninjax.demo.todo.TodoApplication.main()] DEBUG org.eclipse.jetty.util.component.ContainerLifeCycle -- ServerConnector@5c0ecbdb{null, (http/1.1)}{0.0.0.0:0} added {HttpConnectionFactory@1ab001e4[HTTP/1.1],AUTO}
19:22:11.602 [org.ninjax.demo.todo.TodoApplication.main()] DEBUG org.eclipse.jetty.server.AbstractConnector -- ServerConnector@5c0ecbdb{HTTP/1.1, (http/1.1)}{0.0.0.0:0} added HttpConnectionFactory@1ab001e4[HTTP/1.1]
19:22:11.602 [org.ninjax.demo.todo.TodoApplication.main()] DEBUG org.eclipse.jetty.util.component.ContainerLifeCycle -- ServerConnector@5c0ecbdb{HTTP/1.1, (http/1.1)}{0.0.0.0:0} added {SelectorManager@ServerConnector@5c0ecbdb{HTTP/1.1, (http/1.1)}{0.0.0.0:0},MANAGED}
19:22:11.603 [org.ninjax.demo.todo.TodoApplication.main()] DEBUG org.eclipse.jetty.util.component.ContainerLifeCycle -- Server@783c9722{STOPPED}[11.0.25,sto=0] added {ServerConnector@5c0ecbdb{HTTP/1.1, (http/1.1)}{0.0.0.0:8081},AUTO}
19:22:11.609 [org.ninjax.demo.todo.TodoApplication.main()] DEBUG org.eclipse.jetty.util.component.ContainerLifeCycle -- o.e.j.s.ServletContextHandler@78f77db8{/,null,STOPPED} added {SymlinkAllowedResourceAliasChecker@25fe84ad{base=null,protected=[]},MANAGED}
19:22:11.611 [org.ninjax.demo.todo.TodoApplication.main()] DEBUG org.eclipse.jetty.util.component.ContainerLifeCycle -- o.e.j.s.ServletContextHandler@78f77db8{/,null,STOPPED} added {ServletHandler@e480fb2{STOPPED},MANAGED}
19:22:11.612 [org.ninjax.demo.todo.TodoApplication.main()] DEBUG org.eclipse.jetty.util.component.ContainerLifeCycle -- Server@783c9722{STOPPED}[11.0.25,sto=0] added {o.e.j.s.ServletContextHandler@78f77db8{/,null,STOPPED},MANAGED}
19:22:11.613 [org.ninjax.demo.todo.TodoApplication.main()] DEBUG org.eclipse.jetty.util.component.ContainerLifeCycle -- ServletHandler@e480fb2{STOPPED} added {org.ninjax.core.NinjaJetty$NinjaServletFilter-7222036a==org.ninjax.core.NinjaJetty$NinjaServletFilter@7222036a{inst=false,async=true,src=EMBEDDED:null},AUTO}
19:22:11.614 [org.ninjax.demo.todo.TodoApplication.main()] DEBUG org.eclipse.jetty.util.component.ContainerLifeCycle -- ServletHandler@e480fb2{STOPPED} added {[/*]/[]/[]=>org.ninjax.core.NinjaJetty$NinjaServletFilter-7222036a,POJO}
19:22:11.614 [org.ninjax.demo.todo.TodoApplication.main()] DEBUG org.eclipse.jetty.util.component.AbstractLifeCycle -- STARTING Server@783c9722{STOPPED}[11.0.25,sto=0]
19:22:11.615 [org.ninjax.demo.todo.TodoApplication.main()] DEBUG org.eclipse.jetty.util.component.ContainerLifeCycle -- Server@783c9722{STARTING}[11.0.25,sto=0] added {ErrorHandler@65d1d697{STOPPED},AUTO}
19:22:11.615 [org.ninjax.demo.todo.TodoApplication.main()] INFO org.eclipse.jetty.server.Server -- jetty-11.0.25; built: 2025-03-13T00:15:57.301Z; git: a2e9fae3ad8320f2a713d4fa29bba356a99d1295; jvm 25.0.1
19:22:11.627 [org.ninjax.demo.todo.TodoApplication.main()] DEBUG org.eclipse.jetty.util.component.ContainerLifeCycle -- ServerConnector@5c0ecbdb{HTTP/1.1, (http/1.1)}{0.0.0.0:8081} added {sun.nio.ch.ServerSocketChannelImpl[],POJO}
19:22:11.627 [org.ninjax.demo.todo.TodoApplication.main()] DEBUG org.eclipse.jetty.server.handler.AbstractHandler -- starting Server@783c9722{STARTING}[11.0.25,sto=0]
19:22:11.627 [org.ninjax.demo.todo.TodoApplication.main()] DEBUG org.eclipse.jetty.util.component.AbstractLifeCycle -- STARTING QueuedThreadPool[qtp846993064]@327c16a8{STOPPED,8<=0<=200,i=0,r=-1,t=-66414925ms,q=0}[NO_TRY]
19:22:11.628 [org.ninjax.demo.todo.TodoApplication.main()] DEBUG org.eclipse.jetty.util.thread.ReservedThreadExecutor -- ReservedThreadExecutor@3eb57cfc{reserved=0/10,pending=0}
19:22:11.628 [org.ninjax.demo.todo.TodoApplication.main()] DEBUG org.eclipse.jetty.util.component.ContainerLifeCycle -- QueuedThreadPool[qtp846993064]@327c16a8{STARTING,8<=0<=200,i=0,r=-1,t=-66414926ms,q=0}[ReservedThreadExecutor@3eb57cfc{reserved=0/10,pending=0}] added {ReservedThreadExecutor@3eb57cfc{reserved=0/10,pending=0},AUTO}
19:22:11.628 [org.ninjax.demo.todo.TodoApplication.main()] DEBUG org.eclipse.jetty.util.component.AbstractLifeCycle -- STARTING ReservedThreadExecutor@3eb57cfc{reserved=0/10,pending=0}
19:22:11.633 [org.ninjax.demo.todo.TodoApplication.main()] DEBUG org.eclipse.jetty.util.component.AbstractLifeCycle -- STARTED @1453ms ReservedThreadExecutor@3eb57cfc{reserved=0/10,pending=0}
19:22:11.634 [org.ninjax.demo.todo.TodoApplication.main()] DEBUG org.eclipse.jetty.util.thread.QueuedThreadPool -- Starting Thread[#51,qtp846993064-51,5,org.ninjax.demo.todo.TodoApplication]
19:22:11.634 [org.ninjax.demo.todo.TodoApplication.main()] DEBUG org.eclipse.jetty.util.thread.QueuedThreadPool -- Starting Thread[#52,qtp846993064-52,5,org.ninjax.demo.todo.TodoApplication]
19:22:11.634 [qtp846993064-51] DEBUG org.eclipse.jetty.util.thread.QueuedThreadPool -- Runner started for QueuedThreadPool[qtp846993064]@327c16a8{STARTING,8<=2<=200,i=2,r=-1,t=59999ms,q=0}[ReservedThreadExecutor@3eb57cfc{reserved=0/10,pending=0}]
19:22:11.634 [org.ninjax.demo.todo.TodoApplication.main()] DEBUG org.eclipse.jetty.util.thread.QueuedThreadPool -- Starting Thread[#53,qtp846993064-53,5,org.ninjax.demo.todo.TodoApplication]
19:22:11.634 [qtp846993064-52] DEBUG org.eclipse.jetty.util.thread.QueuedThreadPool -- Runner started for QueuedThreadPool[qtp846993064]@327c16a8{STARTING,8<=3<=200,i=3,r=-1,t=59999ms,q=0}[ReservedThreadExecutor@3eb57cfc{reserved=0/10,pending=0}]
19:22:11.634 [org.ninjax.demo.todo.TodoApplication.main()] DEBUG org.eclipse.jetty.util.thread.QueuedThreadPool -- Starting Thread[#54,qtp846993064-54,5,org.ninjax.demo.todo.TodoApplication]
19:22:11.634 [qtp846993064-53] DEBUG org.eclipse.jetty.util.thread.QueuedThreadPool -- Runner started for QueuedThreadPool[qtp846993064]@327c16a8{STARTING,8<=4<=200,i=4,r=-1,t=59999ms,q=0}[ReservedThreadExecutor@3eb57cfc{reserved=0/10,pending=0}]
19:22:11.634 [org.ninjax.demo.todo.TodoApplication.main()] DEBUG org.eclipse.jetty.util.thread.QueuedThreadPool -- Starting Thread[#55,qtp846993064-55,5,org.ninjax.demo.todo.TodoApplication]
19:22:11.634 [org.ninjax.demo.todo.TodoApplication.main()] DEBUG org.eclipse.jetty.util.thread.QueuedThreadPool -- Starting Thread[#56,qtp846993064-56,5,org.ninjax.demo.todo.TodoApplication]
19:22:11.634 [qtp846993064-54] DEBUG org.eclipse.jetty.util.thread.QueuedThreadPool -- Runner started for QueuedThreadPool[qtp846993064]@327c16a8{STARTING,8<=5<=200,i=5,r=-1,t=59999ms,q=0}[ReservedThreadExecutor@3eb57cfc{reserved=0/10,pending=0}]
19:22:11.634 [qtp846993064-55] DEBUG org.eclipse.jetty.util.thread.QueuedThreadPool -- Runner started for QueuedThreadPool[qtp846993064]@327c16a8{STARTING,8<=6<=200,i=6,r=-1,t=59999ms,q=0}[ReservedThreadExecutor@3eb57cfc{reserved=0/10,pending=0}]
19:22:11.634 [org.ninjax.demo.todo.TodoApplication.main()] DEBUG org.eclipse.jetty.util.thread.QueuedThreadPool -- Starting Thread[#57,qtp846993064-57,5,org.ninjax.demo.todo.TodoApplication]
19:22:11.634 [qtp846993064-56] DEBUG org.eclipse.jetty.util.thread.QueuedThreadPool -- Runner started for QueuedThreadPool[qtp846993064]@327c16a8{STARTING,8<=7<=200,i=7,r=-1,t=59999ms,q=0}[ReservedThreadExecutor@3eb57cfc{reserved=0/10,pending=0}]
19:22:11.635 [org.ninjax.demo.todo.TodoApplication.main()] DEBUG org.eclipse.jetty.util.thread.QueuedThreadPool -- Starting Thread[#58,qtp846993064-58,5,org.ninjax.demo.todo.TodoApplication]
19:22:11.635 [qtp846993064-57] DEBUG org.eclipse.jetty.util.thread.QueuedThreadPool -- Runner started for QueuedThreadPool[qtp846993064]@327c16a8{STARTING,8<=8<=200,i=8,r=-1,t=59999ms,q=0}[ReservedThreadExecutor@3eb57cfc{reserved=0/10,pending=0}]
19:22:11.635 [qtp846993064-58] DEBUG org.eclipse.jetty.util.thread.QueuedThreadPool -- Runner started for QueuedThreadPool[qtp846993064]@327c16a8{STARTED,8<=8<=200,i=8,r=-1,t=59999ms,q=0}[ReservedThreadExecutor@3eb57cfc{reserved=0/10,pending=0}]
19:22:11.635 [org.ninjax.demo.todo.TodoApplication.main()] DEBUG org.eclipse.jetty.util.component.AbstractLifeCycle -- STARTED @1455ms QueuedThreadPool[qtp846993064]@327c16a8{STARTED,8<=8<=200,i=8,r=-1,t=59999ms,q=0}[ReservedThreadExecutor@3eb57cfc{reserved=0/10,pending=0}]
19:22:11.635 [org.ninjax.demo.todo.TodoApplication.main()] DEBUG org.eclipse.jetty.util.component.AbstractLifeCycle -- STARTING AttributeContainerMap@1399fcaa{size=0}
19:22:11.635 [org.ninjax.demo.todo.TodoApplication.main()] DEBUG org.eclipse.jetty.util.component.AbstractLifeCycle -- STARTED @1455ms AttributeContainerMap@1399fcaa{size=0}
19:22:11.635 [org.ninjax.demo.todo.TodoApplication.main()] DEBUG org.eclipse.jetty.util.component.AbstractLifeCycle -- STARTING o.e.j.s.ServletContextHandler@78f77db8{/,null,STOPPED}
19:22:11.635 [org.ninjax.demo.todo.TodoApplication.main()] DEBUG org.eclipse.jetty.util.DecoratedObjectFactory -- Adding Decorator: org.eclipse.jetty.util.DeprecationWarning@7afcc5b3
19:22:11.636 [org.ninjax.demo.todo.TodoApplication.main()] DEBUG org.eclipse.jetty.http.PreEncodedHttpField -- HttpField encoders loaded: [org.eclipse.jetty.http.Http1FieldPreEncoder@2d5bcc31]
19:22:11.638 [org.ninjax.demo.todo.TodoApplication.main()] DEBUG org.eclipse.jetty.server.handler.AbstractHandler -- starting o.e.j.s.ServletContextHandler@78f77db8{/,null,STARTING}
19:22:11.639 [org.ninjax.demo.todo.TodoApplication.main()] DEBUG org.eclipse.jetty.util.component.AbstractLifeCycle -- STARTING SymlinkAllowedResourceAliasChecker@25fe84ad{base=null,protected=[]}
19:22:11.639 [org.ninjax.demo.todo.TodoApplication.main()] DEBUG org.eclipse.jetty.util.component.ContainerLifeCycle -- o.e.j.s.ServletContextHandler@78f77db8{/,null,STARTING} added {org.eclipse.jetty.server.AllowedResourceAliasChecker$AllowedResourceAliasCheckListener@3ef0e016,POJO}
19:22:11.639 [HikariPool-1:housekeeper] DEBUG com.zaxxer.hikari.pool.HikariPool -- HikariPool-1 - Pool stats (total=1/10, idle=1/10, active=0, waiting=0)
19:22:11.639 [org.ninjax.demo.todo.TodoApplication.main()] DEBUG org.eclipse.jetty.util.component.AbstractLifeCycle -- STARTED @1459ms SymlinkAllowedResourceAliasChecker@25fe84ad{base=null,protected=[]}
19:22:11.639 [org.ninjax.demo.todo.TodoApplication.main()] DEBUG org.eclipse.jetty.util.component.AbstractLifeCycle -- STARTING ServletHandler@e480fb2{STOPPED}
19:22:11.639 [HikariPool-1:connection-adder] DEBUG com.zaxxer.hikari.pool.PoolBase -- HikariPool-1 - Attempting to create/setup new connection (40a8dac8-daf2-4852-a9f7-bf745a7015ba)
19:22:11.639 [HikariPool-1:connection-adder] DEBUG com.zaxxer.hikari.pool.PoolBase -- HikariPool-1 - Established new connection (40a8dac8-daf2-4852-a9f7-bf745a7015ba)
19:22:11.639 [HikariPool-1:connection-adder] DEBUG com.zaxxer.hikari.pool.HikariPool -- HikariPool-1 - Added connection conn3: url=jdbc:h2:mem:todo user=SA
19:22:11.640 [org.ninjax.demo.todo.TodoApplication.main()] DEBUG org.eclipse.jetty.servlet.ServletHandler -- filterNameMap={org.ninjax.core.NinjaJetty$NinjaServletFilter-7222036a=org.ninjax.core.NinjaJetty$NinjaServletFilter-7222036a==org.ninjax.core.NinjaJetty$NinjaServletFilter@7222036a{inst=false,async=true,src=EMBEDDED:null}} pathFilters=[[/*]/[]/[ASYNC, REQUEST]=>org.ninjax.core.NinjaJetty$NinjaServletFilter-7222036a] servletFilterMap={} servletPathMap=PathMappings[size=0] servletNameMap={}
19:22:11.640 [org.ninjax.demo.todo.TodoApplication.main()] DEBUG org.eclipse.jetty.servlet.ServletHandler -- Adding Default404Servlet to ServletHandler@e480fb2{STARTING}
19:22:11.641 [org.ninjax.demo.todo.TodoApplication.main()] DEBUG org.eclipse.jetty.util.component.ContainerLifeCycle -- ServletHandler@e480fb2{STARTING} added {org.eclipse.jetty.servlet.ServletHandler$Default404Servlet-64f4c561==org.eclipse.jetty.servlet.ServletHandler$Default404Servlet@b6852dcd{jsp=null,order=-1,inst=false,async=true,src=EMBEDDED:null,STOPPED},AUTO}
19:22:11.641 [org.ninjax.demo.todo.TodoApplication.main()] DEBUG org.eclipse.jetty.util.component.ContainerLifeCycle -- ServletHandler@e480fb2{STARTING} added {[/]=>org.eclipse.jetty.servlet.ServletHandler$Default404Servlet-64f4c561,POJO}
19:22:11.641 [org.ninjax.demo.todo.TodoApplication.main()] DEBUG org.eclipse.jetty.servlet.ServletHandler -- Path=/[EMBEDDED:null] mapped to servlet=org.eclipse.jetty.servlet.ServletHandler$Default404Servlet-64f4c561[EMBEDDED:null]
19:22:11.642 [org.ninjax.demo.todo.TodoApplication.main()] DEBUG org.eclipse.jetty.http.pathmap.PathMappings -- Added MappedResource[pathSpec=ServletPathSpec@9457dcb7{/},resource=MappedServlet32c60319{/->org.eclipse.jetty.servlet.ServletHandler$Default404Servlet-64f4c561==org.eclipse.jetty.servlet.ServletHandler$Default404Servlet@b6852dcd{jsp=null,order=-1,inst=false,async=true,src=EMBEDDED:null,STOPPED}}] to PathMappings[size=1]
19:22:11.642 [org.ninjax.demo.todo.TodoApplication.main()] DEBUG org.eclipse.jetty.servlet.ServletHandler -- filterNameMap={org.ninjax.core.NinjaJetty$NinjaServletFilter-7222036a=org.ninjax.core.NinjaJetty$NinjaServletFilter-7222036a==org.ninjax.core.NinjaJetty$NinjaServletFilter@7222036a{inst=false,async=true,src=EMBEDDED:null}} pathFilters=[[/*]/[]/[ASYNC, REQUEST]=>org.ninjax.core.NinjaJetty$NinjaServletFilter-7222036a] servletFilterMap={} servletPathMap=PathMappings[size=1] servletNameMap={org.eclipse.jetty.servlet.ServletHandler$Default404Servlet-64f4c561=MappedServlet7680ca3d{null->org.eclipse.jetty.servlet.ServletHandler$Default404Servlet-64f4c561==org.eclipse.jetty.servlet.ServletHandler$Default404Servlet@b6852dcd{jsp=null,order=-1,inst=false,async=true,src=EMBEDDED:null,STOPPED}}}
19:22:11.642 [org.ninjax.demo.todo.TodoApplication.main()] DEBUG org.eclipse.jetty.servlet.ServletHandler -- Path=/[EMBEDDED:null] mapped to servlet=org.eclipse.jetty.servlet.ServletHandler$Default404Servlet-64f4c561[EMBEDDED:null]
19:22:11.642 [org.ninjax.demo.todo.TodoApplication.main()] DEBUG org.eclipse.jetty.http.pathmap.PathMappings -- Added MappedResource[pathSpec=ServletPathSpec@9457dcb7{/},resource=MappedServlet7c71c423{/->org.eclipse.jetty.servlet.ServletHandler$Default404Servlet-64f4c561==org.eclipse.jetty.servlet.ServletHandler$Default404Servlet@b6852dcd{jsp=null,order=-1,inst=false,async=true,src=EMBEDDED:null,STOPPED}}] to PathMappings[size=1]
19:22:11.642 [org.ninjax.demo.todo.TodoApplication.main()] DEBUG org.eclipse.jetty.servlet.ServletHandler -- filterNameMap={org.ninjax.core.NinjaJetty$NinjaServletFilter-7222036a=org.ninjax.core.NinjaJetty$NinjaServletFilter-7222036a==org.ninjax.core.NinjaJetty$NinjaServletFilter@7222036a{inst=false,async=true,src=EMBEDDED:null}} pathFilters=[[/*]/[]/[ASYNC, REQUEST]=>org.ninjax.core.NinjaJetty$NinjaServletFilter-7222036a] servletFilterMap={} servletPathMap=PathMappings[size=1] servletNameMap={org.eclipse.jetty.servlet.ServletHandler$Default404Servlet-64f4c561=MappedServlet7680ca3d{null->org.eclipse.jetty.servlet.ServletHandler$Default404Servlet-64f4c561==org.eclipse.jetty.servlet.ServletHandler$Default404Servlet@b6852dcd{jsp=null,order=-1,inst=false,async=true,src=EMBEDDED:null,STOPPED}}}
19:22:11.642 [org.ninjax.demo.todo.TodoApplication.main()] DEBUG org.eclipse.jetty.server.handler.AbstractHandler -- starting ServletHandler@e480fb2{STARTING}
19:22:11.642 [org.ninjax.demo.todo.TodoApplication.main()] DEBUG org.eclipse.jetty.util.component.AbstractLifeCycle -- STARTED @1463ms ServletHandler@e480fb2{STARTED}
19:22:11.642 [org.ninjax.demo.todo.TodoApplication.main()] DEBUG org.eclipse.jetty.util.component.AbstractLifeCycle -- STARTING org.ninjax.core.NinjaJetty$NinjaServletFilter-7222036a==org.ninjax.core.NinjaJetty$NinjaServletFilter@7222036a{inst=false,async=true,src=EMBEDDED:null}
19:22:11.642 [org.ninjax.demo.todo.TodoApplication.main()] DEBUG org.eclipse.jetty.util.component.AbstractLifeCycle -- STARTED @1463ms org.ninjax.core.NinjaJetty$NinjaServletFilter-7222036a==org.ninjax.core.NinjaJetty$NinjaServletFilter@7222036a{inst=false,async=true,src=EMBEDDED:null}
19:22:11.643 [org.ninjax.demo.todo.TodoApplication.main()] DEBUG org.eclipse.jetty.servlet.FilterHolder -- Filter.init org.ninjax.core.NinjaJetty$NinjaServletFilter@2bcc9cb2
19:22:11.643 [org.ninjax.demo.todo.TodoApplication.main()] DEBUG org.eclipse.jetty.util.component.AbstractLifeCycle -- STARTING org.eclipse.jetty.servlet.ServletHandler$Default404Servlet-64f4c561==org.eclipse.jetty.servlet.ServletHandler$Default404Servlet@b6852dcd{jsp=null,order=-1,inst=false,async=true,src=EMBEDDED:null,STOPPED}
19:22:11.643 [org.ninjax.demo.todo.TodoApplication.main()] DEBUG org.eclipse.jetty.util.component.AbstractLifeCycle -- STARTED @1463ms org.eclipse.jetty.servlet.ServletHandler$Default404Servlet-64f4c561==org.eclipse.jetty.servlet.ServletHandler$Default404Servlet@b6852dcd{jsp=null,order=-1,inst=false,async=true,src=EMBEDDED:null,STARTED}
19:22:11.643 [org.ninjax.demo.todo.TodoApplication.main()] INFO org.eclipse.jetty.server.handler.ContextHandler -- Started o.e.j.s.ServletContextHandler@78f77db8{/,null,AVAILABLE}
19:22:11.643 [org.ninjax.demo.todo.TodoApplication.main()] DEBUG org.eclipse.jetty.util.component.AbstractLifeCycle -- STARTED @1464ms o.e.j.s.ServletContextHandler@78f77db8{/,null,AVAILABLE}
19:22:11.643 [org.ninjax.demo.todo.TodoApplication.main()] DEBUG org.eclipse.jetty.util.component.AbstractLifeCycle -- STARTING ErrorHandler@65d1d697{STOPPED}
19:22:11.643 [org.ninjax.demo.todo.TodoApplication.main()] DEBUG org.eclipse.jetty.server.handler.AbstractHandler -- starting ErrorHandler@65d1d697{STARTING}
19:22:11.643 [org.ninjax.demo.todo.TodoApplication.main()] DEBUG org.eclipse.jetty.util.component.AbstractLifeCycle -- STARTED @1464ms ErrorHandler@65d1d697{STARTED}
19:22:11.643 [org.ninjax.demo.todo.TodoApplication.main()] DEBUG org.eclipse.jetty.util.component.AbstractLifeCycle -- STARTING ServerConnector@5c0ecbdb{HTTP/1.1, (http/1.1)}{0.0.0.0:8081}
19:22:11.644 [org.ninjax.demo.todo.TodoApplication.main()] DEBUG org.eclipse.jetty.util.component.AbstractLifeCycle -- STARTING ScheduledExecutorScheduler@29d64daa{STOPPED}
19:22:11.644 [org.ninjax.demo.todo.TodoApplication.main()] DEBUG org.eclipse.jetty.util.component.AbstractLifeCycle -- STARTED @1465ms ScheduledExecutorScheduler@29d64daa{STARTED}
19:22:11.644 [org.ninjax.demo.todo.TodoApplication.main()] DEBUG org.eclipse.jetty.util.component.AbstractLifeCycle -- STARTING HttpConnectionFactory@1ab001e4[HTTP/1.1]
19:22:11.644 [org.ninjax.demo.todo.TodoApplication.main()] DEBUG org.eclipse.jetty.util.component.AbstractLifeCycle -- STARTED @1465ms HttpConnectionFactory@1ab001e4[HTTP/1.1]
19:22:11.644 [org.ninjax.demo.todo.TodoApplication.main()] DEBUG org.eclipse.jetty.util.component.AbstractLifeCycle -- STARTING SelectorManager@ServerConnector@5c0ecbdb{HTTP/1.1, (http/1.1)}{0.0.0.0:8081}
19:22:11.646 [org.ninjax.demo.todo.TodoApplication.main()] DEBUG org.eclipse.jetty.util.component.ContainerLifeCycle -- AdaptiveExecutionStrategy@2ab93e49/SelectorProducer@4a3714f7/IDLE/p=false/QueuedThreadPool[qtp846993064]@327c16a8{STARTED,8<=8<=200,i=8,r=-1,t=59988ms,q=0}[ReservedThreadExecutor@3eb57cfc{reserved=0/10,pending=0}][pc=0,pic=0,pec=0,epc=0]@2026-01-13T19:22:11.646353+01:00 added {SelectorProducer@4a3714f7,POJO}
19:22:11.646 [org.ninjax.demo.todo.TodoApplication.main()] DEBUG org.eclipse.jetty.util.component.ContainerLifeCycle -- AdaptiveExecutionStrategy@2ab93e49/SelectorProducer@4a3714f7/IDLE/p=false/QueuedThreadPool[qtp846993064]@327c16a8{STARTED,8<=8<=200,i=8,r=-1,t=59988ms,q=0}[ReservedThreadExecutor@3eb57cfc{reserved=0/10,pending=0}][pc=0,pic=0,pec=0,epc=0]@2026-01-13T19:22:11.646566+01:00 added {QueuedThreadPool[qtp846993064]@327c16a8{STARTED,8<=8<=200,i=8,r=-1,t=59988ms,q=0}[ReservedThreadExecutor@3eb57cfc{reserved=0/10,pending=0}],UNMANAGED}
19:22:11.646 [org.ninjax.demo.todo.TodoApplication.main()] DEBUG org.eclipse.jetty.util.thread.strategy.AdaptiveExecutionStrategy -- AdaptiveExecutionStrategy@2ab93e49/SelectorProducer@4a3714f7/IDLE/p=false/QueuedThreadPool[qtp846993064]@327c16a8{STARTED,8<=8<=200,i=8,r=-1,t=59988ms,q=0}[ReservedThreadExecutor@3eb57cfc{reserved=0/10,pending=0}][pc=0,pic=0,pec=0,epc=0]@2026-01-13T19:22:11.646719+01:00 created
19:22:11.646 [org.ninjax.demo.todo.TodoApplication.main()] DEBUG org.eclipse.jetty.util.component.ContainerLifeCycle -- ManagedSelector@b554c7b{STOPPED} id=0 keys=-1 selected=-1 updates=0 added {AdaptiveExecutionStrategy@2ab93e49/SelectorProducer@4a3714f7/IDLE/p=false/QueuedThreadPool[qtp846993064]@327c16a8{STARTED,8<=8<=200,i=8,r=-1,t=59988ms,q=0}[ReservedThreadExecutor@3eb57cfc{reserved=0/10,pending=0}][pc=0,pic=0,pec=0,epc=0]@2026-01-13T19:22:11.64682+01:00,MANAGED}
19:22:11.646 [org.ninjax.demo.todo.TodoApplication.main()] DEBUG org.eclipse.jetty.util.component.ContainerLifeCycle -- SelectorManager@ServerConnector@5c0ecbdb{HTTP/1.1, (http/1.1)}{0.0.0.0:8081} added {ManagedSelector@b554c7b{STOPPED} id=0 keys=-1 selected=-1 updates=0,AUTO}
19:22:11.646 [org.ninjax.demo.todo.TodoApplication.main()] DEBUG org.eclipse.jetty.util.component.ContainerLifeCycle -- AdaptiveExecutionStrategy@4c3b844c/SelectorProducer@2f13b0f4/IDLE/p=false/QueuedThreadPool[qtp846993064]@327c16a8{STARTED,8<=8<=200,i=8,r=-1,t=59988ms,q=0}[ReservedThreadExecutor@3eb57cfc{reserved=0/10,pending=0}][pc=0,pic=0,pec=0,epc=0]@2026-01-13T19:22:11.646984+01:00 added {SelectorProducer@2f13b0f4,POJO}
19:22:11.647 [org.ninjax.demo.todo.TodoApplication.main()] DEBUG org.eclipse.jetty.util.component.ContainerLifeCycle -- AdaptiveExecutionStrategy@4c3b844c/SelectorProducer@2f13b0f4/IDLE/p=false/QueuedThreadPool[qtp846993064]@327c16a8{STARTED,8<=8<=200,i=8,r=-1,t=59988ms,q=0}[ReservedThreadExecutor@3eb57cfc{reserved=0/10,pending=0}][pc=0,pic=0,pec=0,epc=0]@2026-01-13T19:22:11.647052+01:00 added {QueuedThreadPool[qtp846993064]@327c16a8{STARTED,8<=8<=200,i=8,r=-1,t=59987ms,q=0}[ReservedThreadExecutor@3eb57cfc{reserved=0/10,pending=0}],UNMANAGED}
19:22:11.647 [org.ninjax.demo.todo.TodoApplication.main()] DEBUG org.eclipse.jetty.util.thread.strategy.AdaptiveExecutionStrategy -- AdaptiveExecutionStrategy@4c3b844c/SelectorProducer@2f13b0f4/IDLE/p=false/QueuedThreadPool[qtp846993064]@327c16a8{STARTED,8<=8<=200,i=8,r=-1,t=59987ms,q=0}[ReservedThreadExecutor@3eb57cfc{reserved=0/10,pending=0}][pc=0,pic=0,pec=0,epc=0]@2026-01-13T19:22:11.647147+01:00 created
19:22:11.647 [org.ninjax.demo.todo.TodoApplication.main()] DEBUG org.eclipse.jetty.util.component.ContainerLifeCycle -- ManagedSelector@5d71894d{STOPPED} id=1 keys=-1 selected=-1 updates=0 added {AdaptiveExecutionStrategy@4c3b844c/SelectorProducer@2f13b0f4/IDLE/p=false/QueuedThreadPool[qtp846993064]@327c16a8{STARTED,8<=8<=200,i=8,r=-1,t=59987ms,q=0}[ReservedThreadExecutor@3eb57cfc{reserved=0/10,pending=0}][pc=0,pic=0,pec=0,epc=0]@2026-01-13T19:22:11.647215+01:00,MANAGED}
19:22:11.647 [org.ninjax.demo.todo.TodoApplication.main()] DEBUG org.eclipse.jetty.util.component.ContainerLifeCycle -- SelectorManager@ServerConnector@5c0ecbdb{HTTP/1.1, (http/1.1)}{0.0.0.0:8081} added {ManagedSelector@5d71894d{STOPPED} id=1 keys=-1 selected=-1 updates=0,AUTO}
19:22:11.647 [org.ninjax.demo.todo.TodoApplication.main()] DEBUG org.eclipse.jetty.util.component.ContainerLifeCycle -- AdaptiveExecutionStrategy@7ce6300c/SelectorProducer@6c6fc238/IDLE/p=false/QueuedThreadPool[qtp846993064]@327c16a8{STARTED,8<=8<=200,i=8,r=-1,t=59987ms,q=0}[ReservedThreadExecutor@3eb57cfc{reserved=0/10,pending=0}][pc=0,pic=0,pec=0,epc=0]@2026-01-13T19:22:11.647326+01:00 added {SelectorProducer@6c6fc238,POJO}
19:22:11.647 [org.ninjax.demo.todo.TodoApplication.main()] DEBUG org.eclipse.jetty.util.component.ContainerLifeCycle -- AdaptiveExecutionStrategy@7ce6300c/SelectorProducer@6c6fc238/IDLE/p=false/QueuedThreadPool[qtp846993064]@327c16a8{STARTED,8<=8<=200,i=8,r=-1,t=59987ms,q=0}[ReservedThreadExecutor@3eb57cfc{reserved=0/10,pending=0}][pc=0,pic=0,pec=0,epc=0]@2026-01-13T19:22:11.647387+01:00 added {QueuedThreadPool[qtp846993064]@327c16a8{STARTED,8<=8<=200,i=8,r=-1,t=59987ms,q=0}[ReservedThreadExecutor@3eb57cfc{reserved=0/10,pending=0}],UNMANAGED}
19:22:11.647 [org.ninjax.demo.todo.TodoApplication.main()] DEBUG org.eclipse.jetty.util.thread.strategy.AdaptiveExecutionStrategy -- AdaptiveExecutionStrategy@7ce6300c/SelectorProducer@6c6fc238/IDLE/p=false/QueuedThreadPool[qtp846993064]@327c16a8{STARTED,8<=8<=200,i=8,r=-1,t=59987ms,q=0}[ReservedThreadExecutor@3eb57cfc{reserved=0/10,pending=0}][pc=0,pic=0,pec=0,epc=0]@2026-01-13T19:22:11.647493+01:00 created
19:22:11.647 [org.ninjax.demo.todo.TodoApplication.main()] DEBUG org.eclipse.jetty.util.component.ContainerLifeCycle -- ManagedSelector@5e495b51{STOPPED} id=2 keys=-1 selected=-1 updates=0 added {AdaptiveExecutionStrategy@7ce6300c/SelectorProducer@6c6fc238/IDLE/p=false/QueuedThreadPool[qtp846993064]@327c16a8{STARTED,8<=8<=200,i=8,r=-1,t=59987ms,q=0}[ReservedThreadExecutor@3eb57cfc{reserved=0/10,pending=0}][pc=0,pic=0,pec=0,epc=0]@2026-01-13T19:22:11.647596+01:00,MANAGED}
19:22:11.647 [org.ninjax.demo.todo.TodoApplication.main()] DEBUG org.eclipse.jetty.util.component.ContainerLifeCycle -- SelectorManager@ServerConnector@5c0ecbdb{HTTP/1.1, (http/1.1)}{0.0.0.0:8081} added {ManagedSelector@5e495b51{STOPPED} id=2 keys=-1 selected=-1 updates=0,AUTO}
19:22:11.647 [org.ninjax.demo.todo.TodoApplication.main()] DEBUG org.eclipse.jetty.util.component.ContainerLifeCycle -- AdaptiveExecutionStrategy@f238a34/SelectorProducer@4208bd8c/IDLE/p=false/QueuedThreadPool[qtp846993064]@327c16a8{STARTED,8<=8<=200,i=8,r=-1,t=59987ms,q=0}[ReservedThreadExecutor@3eb57cfc{reserved=0/10,pending=0}][pc=0,pic=0,pec=0,epc=0]@2026-01-13T19:22:11.647704+01:00 added {SelectorProducer@4208bd8c,POJO}
19:22:11.647 [org.ninjax.demo.todo.TodoApplication.main()] DEBUG org.eclipse.jetty.util.component.ContainerLifeCycle -- AdaptiveExecutionStrategy@f238a34/SelectorProducer@4208bd8c/IDLE/p=false/QueuedThreadPool[qtp846993064]@327c16a8{STARTED,8<=8<=200,i=8,r=-1,t=59987ms,q=0}[ReservedThreadExecutor@3eb57cfc{reserved=0/10,pending=0}][pc=0,pic=0,pec=0,epc=0]@2026-01-13T19:22:11.647762+01:00 added {QueuedThreadPool[qtp846993064]@327c16a8{STARTED,8<=8<=200,i=8,r=-1,t=59987ms,q=0}[ReservedThreadExecutor@3eb57cfc{reserved=0/10,pending=0}],UNMANAGED}
19:22:11.647 [org.ninjax.demo.todo.TodoApplication.main()] DEBUG org.eclipse.jetty.util.thread.strategy.AdaptiveExecutionStrategy -- AdaptiveExecutionStrategy@f238a34/SelectorProducer@4208bd8c/IDLE/p=false/QueuedThreadPool[qtp846993064]@327c16a8{STARTED,8<=8<=200,i=8,r=-1,t=59987ms,q=0}[ReservedThreadExecutor@3eb57cfc{reserved=0/10,pending=0}][pc=0,pic=0,pec=0,epc=0]@2026-01-13T19:22:11.64783+01:00 created
19:22:11.647 [org.ninjax.demo.todo.TodoApplication.main()] DEBUG org.eclipse.jetty.util.component.ContainerLifeCycle -- ManagedSelector@50e4c9f7{STOPPED} id=3 keys=-1 selected=-1 updates=0 added {AdaptiveExecutionStrategy@f238a34/SelectorProducer@4208bd8c/IDLE/p=false/QueuedThreadPool[qtp846993064]@327c16a8{STARTED,8<=8<=200,i=8,r=-1,t=59987ms,q=0}[ReservedThreadExecutor@3eb57cfc{reserved=0/10,pending=0}][pc=0,pic=0,pec=0,epc=0]@2026-01-13T19:22:11.647892+01:00,MANAGED}
19:22:11.647 [org.ninjax.demo.todo.TodoApplication.main()] DEBUG org.eclipse.jetty.util.component.ContainerLifeCycle -- SelectorManager@ServerConnector@5c0ecbdb{HTTP/1.1, (http/1.1)}{0.0.0.0:8081} added {ManagedSelector@50e4c9f7{STOPPED} id=3 keys=-1 selected=-1 updates=0,AUTO}
19:22:11.647 [org.ninjax.demo.todo.TodoApplication.main()] DEBUG org.eclipse.jetty.util.component.ContainerLifeCycle -- AdaptiveExecutionStrategy@44639369/SelectorProducer@5702d3fb/IDLE/p=false/QueuedThreadPool[qtp846993064]@327c16a8{STARTED,8<=8<=200,i=8,r=-1,t=59987ms,q=0}[ReservedThreadExecutor@3eb57cfc{reserved=0/10,pending=0}][pc=0,pic=0,pec=0,epc=0]@2026-01-13T19:22:11.647992+01:00 added {SelectorProducer@5702d3fb,POJO}
19:22:11.648 [org.ninjax.demo.todo.TodoApplication.main()] DEBUG org.eclipse.jetty.util.component.ContainerLifeCycle -- AdaptiveExecutionStrategy@44639369/SelectorProducer@5702d3fb/IDLE/p=false/QueuedThreadPool[qtp846993064]@327c16a8{STARTED,8<=8<=200,i=8,r=-1,t=59987ms,q=0}[ReservedThreadExecutor@3eb57cfc{reserved=0/10,pending=0}][pc=0,pic=0,pec=0,epc=0]@2026-01-13T19:22:11.64805+01:00 added {QueuedThreadPool[qtp846993064]@327c16a8{STARTED,8<=8<=200,i=8,r=-1,t=59986ms,q=0}[ReservedThreadExecutor@3eb57cfc{reserved=0/10,pending=0}],UNMANAGED}
19:22:11.648 [org.ninjax.demo.todo.TodoApplication.main()] DEBUG org.eclipse.jetty.util.thread.strategy.AdaptiveExecutionStrategy -- AdaptiveExecutionStrategy@44639369/SelectorProducer@5702d3fb/IDLE/p=false/QueuedThreadPool[qtp846993064]@327c16a8{STARTED,8<=8<=200,i=8,r=-1,t=59986ms,q=0}[ReservedThreadExecutor@3eb57cfc{reserved=0/10,pending=0}][pc=0,pic=0,pec=0,epc=0]@2026-01-13T19:22:11.648128+01:00 created
19:22:11.648 [org.ninjax.demo.todo.TodoApplication.main()] DEBUG org.eclipse.jetty.util.component.ContainerLifeCycle -- ManagedSelector@50e1f04a{STOPPED} id=4 keys=-1 selected=-1 updates=0 added {AdaptiveExecutionStrategy@44639369/SelectorProducer@5702d3fb/IDLE/p=false/QueuedThreadPool[qtp846993064]@327c16a8{STARTED,8<=8<=200,i=8,r=-1,t=59986ms,q=0}[ReservedThreadExecutor@3eb57cfc{reserved=0/10,pending=0}][pc=0,pic=0,pec=0,epc=0]@2026-01-13T19:22:11.648194+01:00,MANAGED}
19:22:11.648 [org.ninjax.demo.todo.TodoApplication.main()] DEBUG org.eclipse.jetty.util.component.ContainerLifeCycle -- SelectorManager@ServerConnector@5c0ecbdb{HTTP/1.1, (http/1.1)}{0.0.0.0:8081} added {ManagedSelector@50e1f04a{STOPPED} id=4 keys=-1 selected=-1 updates=0,AUTO}
19:22:11.648 [org.ninjax.demo.todo.TodoApplication.main()] DEBUG org.eclipse.jetty.util.component.AbstractLifeCycle -- STARTING ManagedSelector@b554c7b{STOPPED} id=0 keys=-1 selected=-1 updates=0
19:22:11.648 [org.ninjax.demo.todo.TodoApplication.main()] DEBUG org.eclipse.jetty.util.component.AbstractLifeCycle -- STARTING AdaptiveExecutionStrategy@2ab93e49/SelectorProducer@4a3714f7/IDLE/p=false/QueuedThreadPool[qtp846993064]@327c16a8{STARTED,8<=8<=200,i=8,r=-1,t=59986ms,q=0}[ReservedThreadExecutor@3eb57cfc{reserved=0/10,pending=0}][pc=0,pic=0,pec=0,epc=0]@2026-01-13T19:22:11.648312+01:00
19:22:11.648 [org.ninjax.demo.todo.TodoApplication.main()] DEBUG org.eclipse.jetty.util.component.AbstractLifeCycle -- STARTED @1468ms AdaptiveExecutionStrategy@2ab93e49/SelectorProducer@4a3714f7/IDLE/p=false/QueuedThreadPool[qtp846993064]@327c16a8{STARTED,8<=8<=200,i=8,r=-1,t=59986ms,q=0}[ReservedThreadExecutor@3eb57cfc{reserved=0/10,pending=0}][pc=0,pic=0,pec=0,epc=0]@2026-01-13T19:22:11.64838+01:00
19:22:11.650 [org.ninjax.demo.todo.TodoApplication.main()] DEBUG org.eclipse.jetty.util.thread.QueuedThreadPool -- queue org.eclipse.jetty.io.ManagedSelector$$Lambda/0x00001ffc013659a8@62113ebf startThread=0
19:22:11.650 [qtp846993064-51] DEBUG org.eclipse.jetty.util.thread.QueuedThreadPool -- run org.eclipse.jetty.io.ManagedSelector$$Lambda/0x00001ffc013659a8@62113ebf in QueuedThreadPool[qtp846993064]@327c16a8{STARTED,8<=8<=200,i=7,r=-1,t=59984ms,q=0}[ReservedThreadExecutor@3eb57cfc{reserved=0/10,pending=0}]
19:22:11.651 [org.ninjax.demo.todo.TodoApplication.main()] DEBUG org.eclipse.jetty.io.ManagedSelector -- Queued change lazy=false org.eclipse.jetty.io.ManagedSelector$Start@1aeee8d3 on ManagedSelector@b554c7b{STARTING} id=0 keys=0 selected=0 updates=0
19:22:11.651 [qtp846993064-51] DEBUG org.eclipse.jetty.util.thread.strategy.AdaptiveExecutionStrategy -- AdaptiveExecutionStrategy@2ab93e49/SelectorProducer@4a3714f7/IDLE/p=false/QueuedThreadPool[qtp846993064]@327c16a8{STARTED,8<=8<=200,i=7,r=-1,t=59983ms,q=0}[ReservedThreadExecutor@3eb57cfc{reserved=0/10,pending=0}][pc=0,pic=0,pec=0,epc=0]@2026-01-13T19:22:11.651116+01:00 tryProduce false
19:22:11.651 [qtp846993064-51] DEBUG org.eclipse.jetty.io.ManagedSelector -- updateable 1
19:22:11.651 [qtp846993064-51] DEBUG org.eclipse.jetty.io.ManagedSelector -- update org.eclipse.jetty.io.ManagedSelector$Start@1aeee8d3
19:22:11.651 [qtp846993064-51] DEBUG org.eclipse.jetty.io.ManagedSelector -- updates 0
19:22:11.651 [org.ninjax.demo.todo.TodoApplication.main()] DEBUG org.eclipse.jetty.util.component.AbstractLifeCycle -- STARTED @1471ms ManagedSelector@b554c7b{STARTED} id=0 keys=0 selected=0 updates=0
19:22:11.651 [qtp846993064-51] DEBUG org.eclipse.jetty.io.ManagedSelector -- Selector sun.nio.ch.KQueueSelectorImpl@7e237a41 waiting with 0 keys
19:22:11.651 [org.ninjax.demo.todo.TodoApplication.main()] DEBUG org.eclipse.jetty.util.component.AbstractLifeCycle -- STARTING ManagedSelector@5d71894d{STOPPED} id=1 keys=-1 selected=-1 updates=0
19:22:11.651 [org.ninjax.demo.todo.TodoApplication.main()] DEBUG org.eclipse.jetty.util.component.AbstractLifeCycle -- STARTING AdaptiveExecutionStrategy@4c3b844c/SelectorProducer@2f13b0f4/IDLE/p=false/QueuedThreadPool[qtp846993064]@327c16a8{STARTED,8<=8<=200,i=7,r=-1,t=59983ms,q=0}[ReservedThreadExecutor@3eb57cfc{reserved=0/10,pending=0}][pc=0,pic=0,pec=0,epc=0]@2026-01-13T19:22:11.651434+01:00
19:22:11.651 [org.ninjax.demo.todo.TodoApplication.main()] DEBUG org.eclipse.jetty.util.component.AbstractLifeCycle -- STARTED @1471ms AdaptiveExecutionStrategy@4c3b844c/SelectorProducer@2f13b0f4/IDLE/p=false/QueuedThreadPool[qtp846993064]@327c16a8{STARTED,8<=8<=200,i=7,r=-1,t=59983ms,q=0}[ReservedThreadExecutor@3eb57cfc{reserved=0/10,pending=0}][pc=0,pic=0,pec=0,epc=0]@2026-01-13T19:22:11.651493+01:00
19:22:11.651 [org.ninjax.demo.todo.TodoApplication.main()] DEBUG org.eclipse.jetty.util.thread.QueuedThreadPool -- queue org.eclipse.jetty.io.ManagedSelector$$Lambda/0x00001ffc013659a8@15782e7f startThread=0
19:22:11.651 [org.ninjax.demo.todo.TodoApplication.main()] DEBUG org.eclipse.jetty.io.ManagedSelector -- Queued change lazy=false org.eclipse.jetty.io.ManagedSelector$Start@6a54739d on ManagedSelector@5d71894d{STARTING} id=1 keys=0 selected=0 updates=0
19:22:11.651 [qtp846993064-52] DEBUG org.eclipse.jetty.util.thread.QueuedThreadPool -- run org.eclipse.jetty.io.ManagedSelector$$Lambda/0x00001ffc013659a8@15782e7f in QueuedThreadPool[qtp846993064]@327c16a8{STARTED,8<=8<=200,i=6,r=-1,t=59983ms,q=0}[ReservedThreadExecutor@3eb57cfc{reserved=0/10,pending=0}]
19:22:11.651 [qtp846993064-52] DEBUG org.eclipse.jetty.util.thread.strategy.AdaptiveExecutionStrategy -- AdaptiveExecutionStrategy@4c3b844c/SelectorProducer@2f13b0f4/IDLE/p=false/QueuedThreadPool[qtp846993064]@327c16a8{STARTED,8<=8<=200,i=6,r=-1,t=59983ms,q=0}[ReservedThreadExecutor@3eb57cfc{reserved=0/10,pending=0}][pc=0,pic=0,pec=0,epc=0]@2026-01-13T19:22:11.651618+01:00 tryProduce false
19:22:11.651 [qtp846993064-52] DEBUG org.eclipse.jetty.io.ManagedSelector -- updateable 1
19:22:11.651 [qtp846993064-52] DEBUG org.eclipse.jetty.io.ManagedSelector -- update org.eclipse.jetty.io.ManagedSelector$Start@6a54739d
19:22:11.651 [qtp846993064-52] DEBUG org.eclipse.jetty.io.ManagedSelector -- updates 0
19:22:11.651 [qtp846993064-52] DEBUG org.eclipse.jetty.io.ManagedSelector -- Selector sun.nio.ch.KQueueSelectorImpl@6fc7f4a0 waiting with 0 keys
19:22:11.651 [org.ninjax.demo.todo.TodoApplication.main()] DEBUG org.eclipse.jetty.util.component.AbstractLifeCycle -- STARTED @1472ms ManagedSelector@5d71894d{STARTED} id=1 keys=0 selected=0 updates=0
19:22:11.651 [org.ninjax.demo.todo.TodoApplication.main()] DEBUG org.eclipse.jetty.util.component.AbstractLifeCycle -- STARTING ManagedSelector@5e495b51{STOPPED} id=2 keys=-1 selected=-1 updates=0
19:22:11.651 [org.ninjax.demo.todo.TodoApplication.main()] DEBUG org.eclipse.jetty.util.component.AbstractLifeCycle -- STARTING AdaptiveExecutionStrategy@7ce6300c/SelectorProducer@6c6fc238/IDLE/p=false/QueuedThreadPool[qtp846993064]@327c16a8{STARTED,8<=8<=200,i=6,r=-1,t=59983ms,q=0}[ReservedThreadExecutor@3eb57cfc{reserved=0/10,pending=0}][pc=0,pic=0,pec=0,epc=0]@2026-01-13T19:22:11.651785+01:00
19:22:11.651 [org.ninjax.demo.todo.TodoApplication.main()] DEBUG org.eclipse.jetty.util.component.AbstractLifeCycle -- STARTED @1472ms AdaptiveExecutionStrategy@7ce6300c/SelectorProducer@6c6fc238/IDLE/p=false/QueuedThreadPool[qtp846993064]@327c16a8{STARTED,8<=8<=200,i=6,r=-1,t=59983ms,q=0}[ReservedThreadExecutor@3eb57cfc{reserved=0/10,pending=0}][pc=0,pic=0,pec=0,epc=0]@2026-01-13T19:22:11.651826+01:00
19:22:11.651 [org.ninjax.demo.todo.TodoApplication.main()] DEBUG org.eclipse.jetty.util.thread.QueuedThreadPool -- queue org.eclipse.jetty.io.ManagedSelector$$Lambda/0x00001ffc013659a8@711b674 startThread=0
19:22:11.651 [org.ninjax.demo.todo.TodoApplication.main()] DEBUG org.eclipse.jetty.io.ManagedSelector -- Queued change lazy=false org.eclipse.jetty.io.ManagedSelector$Start@6de79d6c on ManagedSelector@5e495b51{STARTING} id=2 keys=0 selected=0 updates=0
19:22:11.651 [qtp846993064-53] DEBUG org.eclipse.jetty.util.thread.QueuedThreadPool -- run org.eclipse.jetty.io.ManagedSelector$$Lambda/0x00001ffc013659a8@711b674 in QueuedThreadPool[qtp846993064]@327c16a8{STARTED,8<=8<=200,i=5,r=-1,t=59983ms,q=0}[ReservedThreadExecutor@3eb57cfc{reserved=0/10,pending=0}]
19:22:11.651 [qtp846993064-53] DEBUG org.eclipse.jetty.util.thread.strategy.AdaptiveExecutionStrategy -- AdaptiveExecutionStrategy@7ce6300c/SelectorProducer@6c6fc238/IDLE/p=false/QueuedThreadPool[qtp846993064]@327c16a8{STARTED,8<=8<=200,i=5,r=-1,t=59983ms,q=0}[ReservedThreadExecutor@3eb57cfc{reserved=0/10,pending=0}][pc=0,pic=0,pec=0,epc=0]@2026-01-13T19:22:11.651952+01:00 tryProduce false
19:22:11.651 [qtp846993064-53] DEBUG org.eclipse.jetty.io.ManagedSelector -- updateable 1
19:22:11.651 [qtp846993064-53] DEBUG org.eclipse.jetty.io.ManagedSelector -- update org.eclipse.jetty.io.ManagedSelector$Start@6de79d6c
19:22:11.652 [qtp846993064-53] DEBUG org.eclipse.jetty.io.ManagedSelector -- updates 0
19:22:11.652 [qtp846993064-53] DEBUG org.eclipse.jetty.io.ManagedSelector -- Selector sun.nio.ch.KQueueSelectorImpl@2d70d1c3 waiting with 0 keys
19:22:11.652 [org.ninjax.demo.todo.TodoApplication.main()] DEBUG org.eclipse.jetty.util.component.AbstractLifeCycle -- STARTED @1472ms ManagedSelector@5e495b51{STARTED} id=2 keys=0 selected=0 updates=0
19:22:11.652 [org.ninjax.demo.todo.TodoApplication.main()] DEBUG org.eclipse.jetty.util.component.AbstractLifeCycle -- STARTING ManagedSelector@50e4c9f7{STOPPED} id=3 keys=-1 selected=-1 updates=0
19:22:11.652 [org.ninjax.demo.todo.TodoApplication.main()] DEBUG org.eclipse.jetty.util.component.AbstractLifeCycle -- STARTING AdaptiveExecutionStrategy@f238a34/SelectorProducer@4208bd8c/IDLE/p=false/QueuedThreadPool[qtp846993064]@327c16a8{STARTED,8<=8<=200,i=5,r=-1,t=59982ms,q=0}[ReservedThreadExecutor@3eb57cfc{reserved=0/10,pending=0}][pc=0,pic=0,pec=0,epc=0]@2026-01-13T19:22:11.65211+01:00
19:22:11.652 [org.ninjax.demo.todo.TodoApplication.main()] DEBUG org.eclipse.jetty.util.component.AbstractLifeCycle -- STARTED @1472ms AdaptiveExecutionStrategy@f238a34/SelectorProducer@4208bd8c/IDLE/p=false/QueuedThreadPool[qtp846993064]@327c16a8{STARTED,8<=8<=200,i=5,r=-1,t=59982ms,q=0}[ReservedThreadExecutor@3eb57cfc{reserved=0/10,pending=0}][pc=0,pic=0,pec=0,epc=0]@2026-01-13T19:22:11.652156+01:00
19:22:11.652 [org.ninjax.demo.todo.TodoApplication.main()] DEBUG org.eclipse.jetty.util.thread.QueuedThreadPool -- queue org.eclipse.jetty.io.ManagedSelector$$Lambda/0x00001ffc013659a8@39385d79 startThread=0
19:22:11.652 [org.ninjax.demo.todo.TodoApplication.main()] DEBUG org.eclipse.jetty.io.ManagedSelector -- Queued change lazy=false org.eclipse.jetty.io.ManagedSelector$Start@70b90958 on ManagedSelector@50e4c9f7{STARTING} id=3 keys=0 selected=0 updates=0
19:22:11.652 [qtp846993064-54] DEBUG org.eclipse.jetty.util.thread.QueuedThreadPool -- run org.eclipse.jetty.io.ManagedSelector$$Lambda/0x00001ffc013659a8@39385d79 in QueuedThreadPool[qtp846993064]@327c16a8{STARTED,8<=8<=200,i=4,r=-1,t=59982ms,q=0}[ReservedThreadExecutor@3eb57cfc{reserved=0/10,pending=0}]
19:22:11.652 [qtp846993064-54] DEBUG org.eclipse.jetty.util.thread.strategy.AdaptiveExecutionStrategy -- AdaptiveExecutionStrategy@f238a34/SelectorProducer@4208bd8c/IDLE/p=false/QueuedThreadPool[qtp846993064]@327c16a8{STARTED,8<=8<=200,i=4,r=-1,t=59982ms,q=0}[ReservedThreadExecutor@3eb57cfc{reserved=0/10,pending=0}][pc=0,pic=0,pec=0,epc=0]@2026-01-13T19:22:11.652268+01:00 tryProduce false
19:22:11.652 [qtp846993064-54] DEBUG org.eclipse.jetty.io.ManagedSelector -- updateable 1
19:22:11.652 [qtp846993064-54] DEBUG org.eclipse.jetty.io.ManagedSelector -- update org.eclipse.jetty.io.ManagedSelector$Start@70b90958
19:22:11.652 [qtp846993064-54] DEBUG org.eclipse.jetty.io.ManagedSelector -- updates 0
19:22:11.652 [org.ninjax.demo.todo.TodoApplication.main()] DEBUG org.eclipse.jetty.util.component.AbstractLifeCycle -- STARTED @1472ms ManagedSelector@50e4c9f7{STARTED} id=3 keys=0 selected=0 updates=0
19:22:11.652 [qtp846993064-54] DEBUG org.eclipse.jetty.io.ManagedSelector -- Selector sun.nio.ch.KQueueSelectorImpl@7207cb6 waiting with 0 keys
19:22:11.652 [org.ninjax.demo.todo.TodoApplication.main()] DEBUG org.eclipse.jetty.util.component.AbstractLifeCycle -- STARTING ManagedSelector@50e1f04a{STOPPED} id=4 keys=-1 selected=-1 updates=0
19:22:11.652 [org.ninjax.demo.todo.TodoApplication.main()] DEBUG org.eclipse.jetty.util.component.AbstractLifeCycle -- STARTING AdaptiveExecutionStrategy@44639369/SelectorProducer@5702d3fb/IDLE/p=false/QueuedThreadPool[qtp846993064]@327c16a8{STARTED,8<=8<=200,i=4,r=-1,t=59982ms,q=0}[ReservedThreadExecutor@3eb57cfc{reserved=0/10,pending=0}][pc=0,pic=0,pec=0,epc=0]@2026-01-13T19:22:11.652559+01:00
19:22:11.652 [org.ninjax.demo.todo.TodoApplication.main()] DEBUG org.eclipse.jetty.util.component.AbstractLifeCycle -- STARTED @1473ms AdaptiveExecutionStrategy@44639369/SelectorProducer@5702d3fb/IDLE/p=false/QueuedThreadPool[qtp846993064]@327c16a8{STARTED,8<=8<=200,i=4,r=-1,t=59982ms,q=0}[ReservedThreadExecutor@3eb57cfc{reserved=0/10,pending=0}][pc=0,pic=0,pec=0,epc=0]@2026-01-13T19:22:11.652633+01:00
19:22:11.652 [org.ninjax.demo.todo.TodoApplication.main()] DEBUG org.eclipse.jetty.util.thread.QueuedThreadPool -- queue org.eclipse.jetty.io.ManagedSelector$$Lambda/0x00001ffc013659a8@7a91b32d startThread=0
19:22:11.652 [org.ninjax.demo.todo.TodoApplication.main()] DEBUG org.eclipse.jetty.io.ManagedSelector -- Queued change lazy=false org.eclipse.jetty.io.ManagedSelector$Start@2b4c5dee on ManagedSelector@50e1f04a{STARTING} id=4 keys=0 selected=0 updates=0
19:22:11.652 [qtp846993064-55] DEBUG org.eclipse.jetty.util.thread.QueuedThreadPool -- run org.eclipse.jetty.io.ManagedSelector$$Lambda/0x00001ffc013659a8@7a91b32d in QueuedThreadPool[qtp846993064]@327c16a8{STARTED,8<=8<=200,i=3,r=-1,t=59982ms,q=0}[ReservedThreadExecutor@3eb57cfc{reserved=0/10,pending=0}]
19:22:11.652 [qtp846993064-55] DEBUG org.eclipse.jetty.util.thread.strategy.AdaptiveExecutionStrategy -- AdaptiveExecutionStrategy@44639369/SelectorProducer@5702d3fb/IDLE/p=false/QueuedThreadPool[qtp846993064]@327c16a8{STARTED,8<=8<=200,i=3,r=-1,t=59982ms,q=0}[ReservedThreadExecutor@3eb57cfc{reserved=0/10,pending=0}][pc=0,pic=0,pec=0,epc=0]@2026-01-13T19:22:11.652779+01:00 tryProduce false
19:22:11.652 [qtp846993064-55] DEBUG org.eclipse.jetty.io.ManagedSelector -- updateable 1
19:22:11.652 [qtp846993064-55] DEBUG org.eclipse.jetty.io.ManagedSelector -- update org.eclipse.jetty.io.ManagedSelector$Start@2b4c5dee
19:22:11.652 [qtp846993064-55] DEBUG org.eclipse.jetty.io.ManagedSelector -- updates 0
19:22:11.652 [qtp846993064-55] DEBUG org.eclipse.jetty.io.ManagedSelector -- Selector sun.nio.ch.KQueueSelectorImpl@35bb82f0 waiting with 0 keys
19:22:11.652 [org.ninjax.demo.todo.TodoApplication.main()] DEBUG org.eclipse.jetty.util.component.AbstractLifeCycle -- STARTED @1473ms ManagedSelector@50e1f04a{STARTED} id=4 keys=0 selected=0 updates=0
19:22:11.652 [org.ninjax.demo.todo.TodoApplication.main()] DEBUG org.eclipse.jetty.util.component.AbstractLifeCycle -- STARTED @1473ms SelectorManager@ServerConnector@5c0ecbdb{HTTP/1.1, (http/1.1)}{0.0.0.0:8081}
19:22:11.653 [org.ninjax.demo.todo.TodoApplication.main()] DEBUG org.eclipse.jetty.util.component.ContainerLifeCycle -- ServerConnector@5c0ecbdb{HTTP/1.1, (http/1.1)}{0.0.0.0:8081} added {acceptor-0@56ba6d2c,POJO}
19:22:11.653 [org.ninjax.demo.todo.TodoApplication.main()] DEBUG org.eclipse.jetty.util.thread.QueuedThreadPool -- queue acceptor-0@56ba6d2c startThread=0
19:22:11.653 [org.ninjax.demo.todo.TodoApplication.main()] INFO org.eclipse.jetty.server.AbstractConnector -- Started ServerConnector@5c0ecbdb{HTTP/1.1, (http/1.1)}{0.0.0.0:8081}
19:22:11.653 [qtp846993064-56] DEBUG org.eclipse.jetty.util.thread.QueuedThreadPool -- run acceptor-0@56ba6d2c in QueuedThreadPool[qtp846993064]@327c16a8{STARTED,8<=8<=200,i=2,r=-1,t=59981ms,q=0}[ReservedThreadExecutor@3eb57cfc{reserved=0/10,pending=0}]
19:22:11.653 [org.ninjax.demo.todo.TodoApplication.main()] DEBUG org.eclipse.jetty.util.component.AbstractLifeCycle -- STARTED @1473ms ServerConnector@5c0ecbdb{HTTP/1.1, (http/1.1)}{0.0.0.0:8081}
19:22:11.653 [org.ninjax.demo.todo.TodoApplication.main()] INFO org.eclipse.jetty.server.Server -- Started Server@783c9722{STARTING}[11.0.25,sto=0] @1473ms
19:22:11.653 [org.ninjax.demo.todo.TodoApplication.main()] DEBUG org.eclipse.jetty.util.component.AbstractLifeCycle -- STARTED @1473ms Server@783c9722{STARTED}[11.0.25,sto=0]
19:22:11.675 [HikariPool-1:connection-adder] DEBUG com.zaxxer.hikari.pool.HikariPool -- HikariPool-1 - After adding stats (total=2/10, idle=2/10, active=0, waiting=0)
19:22:11.675 [HikariPool-1:connection-adder] DEBUG com.zaxxer.hikari.pool.PoolBase -- HikariPool-1 - Attempting to create/setup new connection (ac814d9d-e072-4b1e-821c-e5ced6dd3972)
19:22:11.675 [HikariPool-1:connection-adder] DEBUG com.zaxxer.hikari.pool.PoolBase -- HikariPool-1 - Established new connection (ac814d9d-e072-4b1e-821c-e5ced6dd3972)
19:22:11.675 [HikariPool-1:connection-adder] DEBUG com.zaxxer.hikari.pool.HikariPool -- HikariPool-1 - Added connection conn4: url=jdbc:h2:mem:todo user=SA
19:22:11.710 [HikariPool-1:connection-adder] DEBUG com.zaxxer.hikari.pool.HikariPool -- HikariPool-1 - After adding stats (total=3/10, idle=3/10, active=0, waiting=0)
19:22:11.711 [HikariPool-1:connection-adder] DEBUG com.zaxxer.hikari.pool.PoolBase -- HikariPool-1 - Attempting to create/setup new connection (fdef1c3d-8a2f-41f1-9048-d2afc1083124)
19:22:11.711 [HikariPool-1:connection-adder] DEBUG com.zaxxer.hikari.pool.PoolBase -- HikariPool-1 - Established new connection (fdef1c3d-8a2f-41f1-9048-d2afc1083124)
19:22:11.711 [HikariPool-1:connection-adder] DEBUG com.zaxxer.hikari.pool.HikariPool -- HikariPool-1 - Added connection conn5: url=jdbc:h2:mem:todo user=SA
19:22:11.746 [HikariPool-1:connection-adder] DEBUG com.zaxxer.hikari.pool.HikariPool -- HikariPool-1 - After adding stats (total=4/10, idle=4/10, active=0, waiting=0)
19:22:11.746 [HikariPool-1:connection-adder] DEBUG com.zaxxer.hikari.pool.PoolBase -- HikariPool-1 - Attempting to create/setup new connection (cadfff77-d310-450f-8350-0fe8ae458287)
19:22:11.747 [HikariPool-1:connection-adder] DEBUG com.zaxxer.hikari.pool.PoolBase -- HikariPool-1 - Established new connection (cadfff77-d310-450f-8350-0fe8ae458287)
19:22:11.747 [HikariPool-1:connection-adder] DEBUG com.zaxxer.hikari.pool.HikariPool -- HikariPool-1 - Added connection conn6: url=jdbc:h2:mem:todo user=SA
19:22:11.782 [HikariPool-1:connection-adder] DEBUG com.zaxxer.hikari.pool.HikariPool -- HikariPool-1 - After adding stats (total=5/10, idle=5/10, active=0, waiting=0)
19:22:11.782 [HikariPool-1:connection-adder] DEBUG com.zaxxer.hikari.pool.PoolBase -- HikariPool-1 - Attempting to create/setup new connection (1952ebc3-ccc2-42dc-bdc7-6ceff567a79c)
19:22:11.782 [HikariPool-1:connection-adder] DEBUG com.zaxxer.hikari.pool.PoolBase -- HikariPool-1 - Established new connection (1952ebc3-ccc2-42dc-bdc7-6ceff567a79c)
19:22:11.782 [HikariPool-1:connection-adder] DEBUG com.zaxxer.hikari.pool.HikariPool -- HikariPool-1 - Added connection conn7: url=jdbc:h2:mem:todo user=SA
19:22:11.817 [HikariPool-1:connection-adder] DEBUG com.zaxxer.hikari.pool.HikariPool -- HikariPool-1 - After adding stats (total=6/10, idle=6/10, active=0, waiting=0)
19:22:11.818 [HikariPool-1:connection-adder] DEBUG com.zaxxer.hikari.pool.PoolBase -- HikariPool-1 - Attempting to create/setup new connection (9139fa1a-b5f7-412b-8a55-d1851eb850c5)
19:22:11.818 [HikariPool-1:connection-adder] DEBUG com.zaxxer.hikari.pool.PoolBase -- HikariPool-1 - Established new connection (9139fa1a-b5f7-412b-8a55-d1851eb850c5)
19:22:11.818 [HikariPool-1:connection-adder] DEBUG com.zaxxer.hikari.pool.HikariPool -- HikariPool-1 - Added connection conn8: url=jdbc:h2:mem:todo user=SA
19:22:11.852 [HikariPool-1:connection-adder] DEBUG com.zaxxer.hikari.pool.HikariPool -- HikariPool-1 - After adding stats (total=7/10, idle=7/10, active=0, waiting=0)
19:22:11.852 [HikariPool-1:connection-adder] DEBUG com.zaxxer.hikari.pool.PoolBase -- HikariPool-1 - Attempting to create/setup new connection (7836a143-ee69-4ae7-b17f-8375380abd1b)
19:22:11.852 [HikariPool-1:connection-adder] DEBUG com.zaxxer.hikari.pool.PoolBase -- HikariPool-1 - Established new connection (7836a143-ee69-4ae7-b17f-8375380abd1b)
19:22:11.853 [HikariPool-1:connection-adder] DEBUG com.zaxxer.hikari.pool.HikariPool -- HikariPool-1 - Added connection conn9: url=jdbc:h2:mem:todo user=SA
19:22:11.888 [HikariPool-1:connection-adder] DEBUG com.zaxxer.hikari.pool.HikariPool -- HikariPool-1 - After adding stats (total=8/10, idle=8/10, active=0, waiting=0)
19:22:11.888 [HikariPool-1:connection-adder] DEBUG com.zaxxer.hikari.pool.PoolBase -- HikariPool-1 - Attempting to create/setup new connection (7440bf37-b3d6-49f1-b1e5-1500b3b76b6f)
19:22:11.888 [HikariPool-1:connection-adder] DEBUG com.zaxxer.hikari.pool.PoolBase -- HikariPool-1 - Established new connection (7440bf37-b3d6-49f1-b1e5-1500b3b76b6f)
19:22:11.888 [HikariPool-1:connection-adder] DEBUG com.zaxxer.hikari.pool.HikariPool -- HikariPool-1 - Added connection conn10: url=jdbc:h2:mem:todo user=SA
19:22:11.923 [HikariPool-1:connection-adder] DEBUG com.zaxxer.hikari.pool.HikariPool -- HikariPool-1 - After adding stats (total=9/10, idle=9/10, active=0, waiting=0)
19:22:11.924 [HikariPool-1:connection-adder] DEBUG com.zaxxer.hikari.pool.PoolBase -- HikariPool-1 - Attempting to create/setup new connection (58dafca9-60cf-4eb3-8a67-848c23ddfcf3)
19:22:11.924 [HikariPool-1:connection-adder] DEBUG com.zaxxer.hikari.pool.PoolBase -- HikariPool-1 - Established new connection (58dafca9-60cf-4eb3-8a67-848c23ddfcf3)
19:22:11.924 [HikariPool-1:connection-adder] DEBUG com.zaxxer.hikari.pool.HikariPool -- HikariPool-1 - Added connection conn11: url=jdbc:h2:mem:todo user=SA
19:22:11.959 [HikariPool-1:connection-adder] DEBUG com.zaxxer.hikari.pool.HikariPool -- HikariPool-1 - After adding stats (total=10/10, idle=10/10, active=0, waiting=0)
19:22:15.148 [qtp846993064-56-acceptor-0@56ba6d2c-ServerConnector@5c0ecbdb{HTTP/1.1, (http/1.1)}{0.0.0.0:8081}] DEBUG org.eclipse.jetty.io.ManagedSelector -- Queued change lazy=false Accept@289ff83b[java.nio.channels.SocketChannel[connected local=/[0:0:0:0:0:0:0:1]:8081 remote=/[0:0:0:0:0:0:0:1]:63653]] on ManagedSelector@5d71894d{STARTED} id=1 keys=0 selected=0 updates=0
19:22:15.149 [qtp846993064-56-acceptor-0@56ba6d2c-ServerConnector@5c0ecbdb{HTTP/1.1, (http/1.1)}{0.0.0.0:8081}] DEBUG org.eclipse.jetty.io.ManagedSelector -- Wakeup on submit ManagedSelector@5d71894d{STARTED} id=1 keys=0 selected=0 updates=1
19:22:15.150 [qtp846993064-52] DEBUG org.eclipse.jetty.io.ManagedSelector -- Selector sun.nio.ch.KQueueSelectorImpl@6fc7f4a0 woken with none selected
19:22:15.150 [qtp846993064-52] DEBUG org.eclipse.jetty.io.ManagedSelector -- Selector sun.nio.ch.KQueueSelectorImpl@6fc7f4a0 woken up from select, 0/0/0 selected
19:22:15.150 [qtp846993064-52] DEBUG org.eclipse.jetty.io.ManagedSelector -- Selector sun.nio.ch.KQueueSelectorImpl@6fc7f4a0 processing 0 keys, 1 updates
19:22:15.150 [qtp846993064-52] DEBUG org.eclipse.jetty.io.ManagedSelector -- updateable 1
19:22:15.150 [qtp846993064-52] DEBUG org.eclipse.jetty.io.ManagedSelector -- update Accept@289ff83b[java.nio.channels.SocketChannel[connected local=/[0:0:0:0:0:0:0:1]:8081 remote=/[0:0:0:0:0:0:0:1]:63653]]
19:22:15.151 [qtp846993064-52] DEBUG org.eclipse.jetty.util.thread.QueuedThreadPool -- queue Accept@289ff83b[java.nio.channels.SocketChannel[connected local=/[0:0:0:0:0:0:0:1]:8081 remote=/[0:0:0:0:0:0:0:1]:63653]] startThread=0
19:22:15.151 [qtp846993064-52] DEBUG org.eclipse.jetty.io.ManagedSelector -- updates 0
19:22:15.151 [qtp846993064-57] DEBUG org.eclipse.jetty.util.thread.QueuedThreadPool -- run Accept@289ff83b[java.nio.channels.SocketChannel[connected local=/[0:0:0:0:0:0:0:1]:8081 remote=/[0:0:0:0:0:0:0:1]:63653]] in QueuedThreadPool[qtp846993064]@327c16a8{STARTED,8<=8<=200,i=1,r=-1,t=56483ms,q=0}[ReservedThreadExecutor@3eb57cfc{reserved=0/10,pending=0}]
19:22:15.151 [qtp846993064-52] DEBUG org.eclipse.jetty.io.ManagedSelector -- Selector sun.nio.ch.KQueueSelectorImpl@6fc7f4a0 waiting with 1 keys
19:22:15.158 [qtp846993064-57] DEBUG org.eclipse.jetty.io.IdleTimeout -- Setting idle timeout 0 -> 30000 on SocketChannelEndPoint@78818448[{l=/[0:0:0:0:0:0:0:1]:8081,r=/[0:0:0:0:0:0:0:1]:63653,OPEN,fill=-,flush=-,to=1/30000}{io=0/0,kio=0,kro=0}]->[<null>]
19:22:15.158 [qtp846993064-57] DEBUG org.eclipse.jetty.io.IdleTimeout -- SocketChannelEndPoint@78818448[{l=/[0:0:0:0:0:0:0:1]:8081,r=/[0:0:0:0:0:0:0:1]:63653,OPEN,fill=-,flush=-,to=1/30000}{io=0/0,kio=0,kro=0}]->[<null>] idle timeout check, elapsed: 1 ms, remaining: 29999 ms
19:22:15.175 [qtp846993064-57] DEBUG org.eclipse.jetty.server.HttpChannel -- new HttpChannelOverHttp@6e3a6b34{s=HttpChannelState@1e52e48f{s=IDLE rs=BLOCKING os=OPEN is=IDLE awp=false se=false i=true al=0},r=0,c=false/false,a=IDLE,uri=null,age=0} -> SocketChannelEndPoint@78818448[{l=/[0:0:0:0:0:0:0:1]:8081,r=/[0:0:0:0:0:0:0:1]:63653,OPEN,fill=-,flush=-,to=18/30000}{io=0/0,kio=0,kro=0}]->[<null>],null,HttpChannelState@1e52e48f{s=IDLE rs=BLOCKING os=OPEN is=IDLE awp=false se=false i=true al=0}
19:22:15.179 [qtp846993064-57] DEBUG org.eclipse.jetty.server.HttpConnection -- New HTTP Connection HttpConnection@3cbb94db::SocketChannelEndPoint@78818448[{l=/[0:0:0:0:0:0:0:1]:8081,r=/[0:0:0:0:0:0:0:1]:63653,OPEN,fill=-,flush=-,to=22/30000}{io=0/0,kio=0,kro=0}]->[<null>]
19:22:15.180 [qtp846993064-57] DEBUG org.eclipse.jetty.io.ManagedSelector -- Queued change lazy=true org.eclipse.jetty.io.ManagedSelector$$Lambda/0x00001ffc01378680@13f7f599 on ManagedSelector@5d71894d{STARTED} id=1 keys=1 selected=0 updates=0
19:22:15.180 [qtp846993064-57] DEBUG org.eclipse.jetty.io.AbstractEndPoint -- onOpen SocketChannelEndPoint@78818448[{l=/[0:0:0:0:0:0:0:1]:8081,r=/[0:0:0:0:0:0:0:1]:63653,OPEN,fill=-,flush=-,to=23/30000}{io=0/0,kio=0,kro=0}]->[HttpConnection@3cbb94db[p=HttpParser{s=START,0 of -1},g=HttpGenerator@732cc63d{s=START}]=>HttpChannelOverHttp@6e3a6b34{s=HttpChannelState@1e52e48f{s=IDLE rs=BLOCKING os=OPEN is=IDLE awp=false se=false i=true al=0},r=0,c=false/false,a=IDLE,uri=null,age=0}]
19:22:15.180 [qtp846993064-57] DEBUG org.eclipse.jetty.io.AbstractConnection -- onOpen HttpConnection@3cbb94db::SocketChannelEndPoint@78818448[{l=/[0:0:0:0:0:0:0:1]:8081,r=/[0:0:0:0:0:0:0:1]:63653,OPEN,fill=-,flush=-,to=23/30000}{io=0/0,kio=0,kro=0}]->[HttpConnection@3cbb94db[p=HttpParser{s=START,0 of -1},g=HttpGenerator@732cc63d{s=START}]=>HttpChannelOverHttp@6e3a6b34{s=HttpChannelState@1e52e48f{s=IDLE rs=BLOCKING os=OPEN is=IDLE awp=false se=false i=true al=0},r=0,c=false/false,a=IDLE,uri=null,age=0}]
19:22:15.180 [qtp846993064-57] DEBUG org.eclipse.jetty.io.AbstractConnection -- fillInterested HttpConnection@3cbb94db::SocketChannelEndPoint@78818448[{l=/[0:0:0:0:0:0:0:1]:8081,r=/[0:0:0:0:0:0:0:1]:63653,OPEN,fill=-,flush=-,to=23/30000}{io=0/0,kio=0,kro=0}]->[HttpConnection@3cbb94db[p=HttpParser{s=START,0 of -1},g=HttpGenerator@732cc63d{s=START}]=>HttpChannelOverHttp@6e3a6b34{s=HttpChannelState@1e52e48f{s=IDLE rs=BLOCKING os=OPEN is=IDLE awp=false se=false i=true al=0},r=0,c=false/false,a=IDLE,uri=null,age=0}]
19:22:15.180 [qtp846993064-57] DEBUG org.eclipse.jetty.io.FillInterest -- interested FillInterest@19048018{ReadCallback@1e8c3d79{HttpConnection@3cbb94db::SocketChannelEndPoint@78818448[{l=/[0:0:0:0:0:0:0:1]:8081,r=/[0:0:0:0:0:0:0:1]:63653,OPEN,fill=FI,flush=-,to=0/30000}{io=0/0,kio=0,kro=0}]->[HttpConnection@3cbb94db[p=HttpParser{s=START,0 of -1},g=HttpGenerator@732cc63d{s=START}]=>HttpChannelOverHttp@6e3a6b34{s=HttpChannelState@1e52e48f{s=IDLE rs=BLOCKING os=OPEN is=IDLE awp=false se=false i=true al=0},r=0,c=false/false,a=IDLE,uri=null,age=0}]}}
19:22:15.180 [qtp846993064-57] DEBUG org.eclipse.jetty.io.SelectableChannelEndPoint -- changeInterests p=false 0->1 for SocketChannelEndPoint@78818448[{l=/[0:0:0:0:0:0:0:1]:8081,r=/[0:0:0:0:0:0:0:1]:63653,OPEN,fill=FI,flush=-,to=0/30000}{io=0/1,kio=0,kro=0}]->[HttpConnection@3cbb94db[p=HttpParser{s=START,0 of -1},g=HttpGenerator@732cc63d{s=START}]=>HttpChannelOverHttp@6e3a6b34{s=HttpChannelState@1e52e48f{s=IDLE rs=BLOCKING os=OPEN is=IDLE awp=false se=false i=true al=0},r=0,c=false/false,a=IDLE,uri=null,age=0}]
19:22:15.180 [qtp846993064-57] DEBUG org.eclipse.jetty.io.ManagedSelector -- Queued change lazy=false org.eclipse.jetty.io.SelectableChannelEndPoint$$Lambda/0x00001ffc0136a160@32fb480c on ManagedSelector@5d71894d{STARTED} id=1 keys=1 selected=0 updates=1
19:22:15.180 [qtp846993064-57] DEBUG org.eclipse.jetty.io.ManagedSelector -- Wakeup on submit ManagedSelector@5d71894d{STARTED} id=1 keys=1 selected=0 updates=2
19:22:15.180 [qtp846993064-52] DEBUG org.eclipse.jetty.io.ManagedSelector -- Selector sun.nio.ch.KQueueSelectorImpl@6fc7f4a0 woken with none selected
19:22:15.180 [qtp846993064-57] DEBUG org.eclipse.jetty.io.ManagedSelector -- Created SocketChannelEndPoint@78818448[{l=/[0:0:0:0:0:0:0:1]:8081,r=/[0:0:0:0:0:0:0:1]:63653,OPEN,fill=FI,flush=-,to=0/30000}{io=0/1,kio=0,kro=0}]->[HttpConnection@3cbb94db[p=HttpParser{s=START,0 of -1},g=HttpGenerator@732cc63d{s=START}]=>HttpChannelOverHttp@6e3a6b34{s=HttpChannelState@1e52e48f{s=IDLE rs=BLOCKING os=OPEN is=IDLE awp=false se=false i=true al=0},r=0,c=false/false,a=IDLE,uri=null,age=0}]
19:22:15.180 [qtp846993064-52] DEBUG org.eclipse.jetty.io.ManagedSelector -- Selector sun.nio.ch.KQueueSelectorImpl@6fc7f4a0 woken up from select, 0/0/1 selected
19:22:15.180 [qtp846993064-52] DEBUG org.eclipse.jetty.io.ManagedSelector -- Selector sun.nio.ch.KQueueSelectorImpl@6fc7f4a0 processing 0 keys, 2 updates
19:22:15.180 [qtp846993064-52] DEBUG org.eclipse.jetty.io.ManagedSelector -- updateable 2
19:22:15.180 [qtp846993064-52] DEBUG org.eclipse.jetty.io.ManagedSelector -- update org.eclipse.jetty.io.ManagedSelector$$Lambda/0x00001ffc01378680@13f7f599
19:22:15.180 [qtp846993064-57] DEBUG org.eclipse.jetty.util.thread.QueuedThreadPool -- ran Accept@289ff83b[java.nio.channels.SocketChannel[connected local=/[0:0:0:0:0:0:0:1]:8081 remote=/[0:0:0:0:0:0:0:1]:63653]] in QueuedThreadPool[qtp846993064]@327c16a8{STARTED,8<=8<=200,i=1,r=-1,t=56454ms,q=0}[ReservedThreadExecutor@3eb57cfc{reserved=0/10,pending=0}]
19:22:15.180 [qtp846993064-52] DEBUG org.eclipse.jetty.io.ManagedSelector -- update org.eclipse.jetty.io.SelectableChannelEndPoint$$Lambda/0x00001ffc0136a160@32fb480c
19:22:15.180 [qtp846993064-57] DEBUG org.eclipse.jetty.util.thread.QueuedThreadPool -- Evict skipped, no excess threads QueuedThreadPool[qtp846993064]@327c16a8{STARTED,8<=8<=200,i=2,r=-1,t=56454ms,q=0}[ReservedThreadExecutor@3eb57cfc{reserved=0/10,pending=0}]
19:22:15.180 [qtp846993064-52] DEBUG org.eclipse.jetty.io.SelectableChannelEndPoint -- Key interests updated 0 -> 1 on SocketChannelEndPoint@78818448[{l=/[0:0:0:0:0:0:0:1]:8081,r=/[0:0:0:0:0:0:0:1]:63653,OPEN,fill=FI,flush=-,to=0/30000}{io=1/1,kio=1,kro=0}]->[HttpConnection@3cbb94db[p=HttpParser{s=START,0 of -1},g=HttpGenerator@732cc63d{s=START}]=>HttpChannelOverHttp@6e3a6b34{s=HttpChannelState@1e52e48f{s=IDLE rs=BLOCKING os=OPEN is=IDLE awp=false se=false i=true al=0},r=0,c=false/false,a=IDLE,uri=null,age=0}]
19:22:15.180 [qtp846993064-52] DEBUG org.eclipse.jetty.io.ManagedSelector -- updates 0
19:22:15.180 [qtp846993064-52] DEBUG org.eclipse.jetty.io.ManagedSelector -- Selector sun.nio.ch.KQueueSelectorImpl@6fc7f4a0 waiting with 1 keys
19:22:15.180 [qtp846993064-52] DEBUG org.eclipse.jetty.io.ManagedSelector -- Selector sun.nio.ch.KQueueSelectorImpl@6fc7f4a0 woken up from select, 1/1/1 selected
19:22:15.181 [qtp846993064-52] DEBUG org.eclipse.jetty.io.ManagedSelector -- Selector sun.nio.ch.KQueueSelectorImpl@6fc7f4a0 processing 1 keys, 0 updates
19:22:15.181 [qtp846993064-52] DEBUG org.eclipse.jetty.io.ManagedSelector -- selected 1 channel=java.nio.channels.SocketChannel[connected local=/[0:0:0:0:0:0:0:1]:8081 remote=/[0:0:0:0:0:0:0:1]:63653], selector=sun.nio.ch.KQueueSelectorImpl@6fc7f4a0, interestOps=1, readyOps=1 SocketChannelEndPoint@78818448[{l=/[0:0:0:0:0:0:0:1]:8081,r=/[0:0:0:0:0:0:0:1]:63653,OPEN,fill=FI,flush=-,to=0/30000}{io=1/1,kio=1,kro=1}]->[HttpConnection@3cbb94db[p=HttpParser{s=START,0 of -1},g=HttpGenerator@732cc63d{s=START}]=>HttpChannelOverHttp@6e3a6b34{s=HttpChannelState@1e52e48f{s=IDLE rs=BLOCKING os=OPEN is=IDLE awp=false se=false i=true al=0},r=0,c=false/false,a=IDLE,uri=null,age=0}] 
19:22:15.181 [qtp846993064-52] DEBUG org.eclipse.jetty.io.SelectableChannelEndPoint -- onSelected 1->0 r=true w=false for SocketChannelEndPoint@78818448[{l=/[0:0:0:0:0:0:0:1]:8081,r=/[0:0:0:0:0:0:0:1]:63653,OPEN,fill=FI,flush=-,to=0/30000}{io=1/0,kio=1,kro=1}]->[HttpConnection@3cbb94db[p=HttpParser{s=START,0 of -1},g=HttpGenerator@732cc63d{s=START}]=>HttpChannelOverHttp@6e3a6b34{s=HttpChannelState@1e52e48f{s=IDLE rs=BLOCKING os=OPEN is=IDLE awp=false se=false i=true al=0},r=0,c=false/false,a=IDLE,uri=null,age=0}]
19:22:15.181 [qtp846993064-52] DEBUG org.eclipse.jetty.io.SelectableChannelEndPoint -- task SocketChannelEndPoint@78818448[{l=/[0:0:0:0:0:0:0:1]:8081,r=/[0:0:0:0:0:0:0:1]:63653,OPEN,fill=FI,flush=-,to=1/30000}{io=1/0,kio=1,kro=1}]->[HttpConnection@3cbb94db[p=HttpParser{s=START,0 of -1},g=HttpGenerator@732cc63d{s=START}]=>HttpChannelOverHttp@6e3a6b34{s=HttpChannelState@1e52e48f{s=IDLE rs=BLOCKING os=OPEN is=IDLE awp=false se=false i=true al=0},r=0,c=false/false,a=IDLE,uri=null,age=0}]:runFillable:BLOCKING
19:22:15.181 [qtp846993064-52] DEBUG org.eclipse.jetty.util.thread.ReservedThreadExecutor -- ReservedThreadExecutor@3eb57cfc{reserved=0/10,pending=0} tryExecute AdaptiveExecutionStrategy@4c3b844c/SelectorProducer@2f13b0f4/PRODUCING/p=false/QueuedThreadPool[qtp846993064]@327c16a8{STARTED,8<=8<=200,i=2,r=-1,t=56453ms,q=0}[ReservedThreadExecutor@3eb57cfc{reserved=0/10,pending=0}][pc=0,pic=0,pec=0,epc=0]@2026-01-13T19:22:15.181585+01:00
19:22:15.181 [qtp846993064-52] DEBUG org.eclipse.jetty.util.thread.ReservedThreadExecutor -- ReservedThreadExecutor@3eb57cfc{reserved=0/10,pending=1} startReservedThread p=1
19:22:15.182 [qtp846993064-52] DEBUG org.eclipse.jetty.util.thread.QueuedThreadPool -- queue ReservedThread@5c5214e{PENDING,thread=null} startThread=0
19:22:15.182 [qtp846993064-58] DEBUG org.eclipse.jetty.util.thread.QueuedThreadPool -- run ReservedThread@5c5214e{PENDING,thread=null} in QueuedThreadPool[qtp846993064]@327c16a8{STARTED,8<=8<=200,i=1,r=-1,t=56453ms,q=0}[ReservedThreadExecutor@3eb57cfc{reserved=0/10,pending=1}]
19:22:15.182 [qtp846993064-58] DEBUG org.eclipse.jetty.util.thread.ReservedThreadExecutor -- ReservedThread@5c5214e{PENDING,thread=Thread[#58,qtp846993064-58,5,org.ninjax.demo.todo.TodoApplication]} was=PENDING next=RESERVED size=0+1 capacity=10
19:22:15.182 [qtp846993064-58] DEBUG org.eclipse.jetty.util.thread.ReservedThreadExecutor -- ReservedThread@5c5214e{RESERVED,thread=Thread[#58,qtp846993064-58,5,org.ninjax.demo.todo.TodoApplication]} waiting ReservedThreadExecutor@3eb57cfc{reserved=1/10,pending=0}
19:22:15.182 [qtp846993064-52] DEBUG org.eclipse.jetty.util.thread.strategy.AdaptiveExecutionStrategy -- ss=PRODUCE_EXECUTE_CONSUME t=SocketChannelEndPoint@78818448[{l=/[0:0:0:0:0:0:0:1]:8081,r=/[0:0:0:0:0:0:0:1]:63653,OPEN,fill=FI,flush=-,to=1/30000}{io=1/0,kio=1,kro=1}]->[HttpConnection@3cbb94db[p=HttpParser{s=START,0 of -1},g=HttpGenerator@732cc63d{s=START}]=>HttpChannelOverHttp@6e3a6b34{s=HttpChannelState@1e52e48f{s=IDLE rs=BLOCKING os=OPEN is=IDLE awp=false se=false i=true al=0},r=0,c=false/false,a=IDLE,uri=null,age=0}]:runFillable:BLOCKING/BLOCKING AdaptiveExecutionStrategy@4c3b844c/SelectorProducer@2f13b0f4/PRODUCING/p=false/QueuedThreadPool[qtp846993064]@327c16a8{STARTED,8<=8<=200,i=1,r=-1,t=56452ms,q=0}[ReservedThreadExecutor@3eb57cfc{reserved=1/10,pending=0}][pc=0,pic=0,pec=0,epc=0]@2026-01-13T19:22:15.1822+01:00
19:22:15.182 [qtp846993064-52] DEBUG org.eclipse.jetty.util.thread.QueuedThreadPool -- queue SocketChannelEndPoint@78818448[{l=/[0:0:0:0:0:0:0:1]:8081,r=/[0:0:0:0:0:0:0:1]:63653,OPEN,fill=FI,flush=-,to=1/30000}{io=1/0,kio=1,kro=1}]->[HttpConnection@3cbb94db[p=HttpParser{s=START,0 of -1},g=HttpGenerator@732cc63d{s=START}]=>HttpChannelOverHttp@6e3a6b34{s=HttpChannelState@1e52e48f{s=IDLE rs=BLOCKING os=OPEN is=IDLE awp=false se=false i=true al=0},r=0,c=false/false,a=IDLE,uri=null,age=0}]:runFillable:BLOCKING startThread=0
19:22:15.182 [qtp846993064-52] DEBUG org.eclipse.jetty.io.ManagedSelector -- updateable 0
19:22:15.182 [qtp846993064-52] DEBUG org.eclipse.jetty.io.ManagedSelector -- updates 0
19:22:15.182 [qtp846993064-57] DEBUG org.eclipse.jetty.util.thread.QueuedThreadPool -- run SocketChannelEndPoint@78818448[{l=/[0:0:0:0:0:0:0:1]:8081,r=/[0:0:0:0:0:0:0:1]:63653,OPEN,fill=FI,flush=-,to=1/30000}{io=1/0,kio=1,kro=1}]->[HttpConnection@3cbb94db[p=HttpParser{s=START,0 of -1},g=HttpGenerator@732cc63d{s=START}]=>HttpChannelOverHttp@6e3a6b34{s=HttpChannelState@1e52e48f{s=IDLE rs=BLOCKING os=OPEN is=IDLE awp=false se=false i=true al=0},r=0,c=false/false,a=IDLE,uri=null,age=0}]:runFillable:BLOCKING in QueuedThreadPool[qtp846993064]@327c16a8{STARTED,8<=8<=200,i=0,r=-1,t=56452ms,q=0}[ReservedThreadExecutor@3eb57cfc{reserved=1/10,pending=0}]
19:22:15.182 [qtp846993064-52] DEBUG org.eclipse.jetty.io.SelectableChannelEndPoint -- Key interests updated 1 -> 0 on SocketChannelEndPoint@78818448[{l=/[0:0:0:0:0:0:0:1]:8081,r=/[0:0:0:0:0:0:0:1]:63653,OPEN,fill=FI,flush=-,to=1/30000}{io=0/0,kio=0,kro=1}]->[HttpConnection@3cbb94db[p=HttpParser{s=START,0 of -1},g=HttpGenerator@732cc63d{s=START}]=>HttpChannelOverHttp@6e3a6b34{s=HttpChannelState@1e52e48f{s=IDLE rs=BLOCKING os=OPEN is=IDLE awp=false se=false i=true al=0},r=0,c=false/false,a=IDLE,uri=null,age=0}]
19:22:15.182 [qtp846993064-52] DEBUG org.eclipse.jetty.io.ManagedSelector -- Selector sun.nio.ch.KQueueSelectorImpl@6fc7f4a0 waiting with 1 keys
19:22:15.182 [qtp846993064-57] DEBUG org.eclipse.jetty.io.FillInterest -- fillable FillInterest@19048018{ReadCallback@1e8c3d79{HttpConnection@3cbb94db::SocketChannelEndPoint@78818448[{l=/[0:0:0:0:0:0:0:1]:8081,r=/[0:0:0:0:0:0:0:1]:63653,OPEN,fill=FI,flush=-,to=2/30000}{io=0/0,kio=0,kro=1}]->[HttpConnection@3cbb94db[p=HttpParser{s=START,0 of -1},g=HttpGenerator@732cc63d{s=START}]=>HttpChannelOverHttp@6e3a6b34{s=HttpChannelState@1e52e48f{s=IDLE rs=BLOCKING os=OPEN is=IDLE awp=false se=false i=true al=0},r=0,c=false/false,a=IDLE,uri=null,age=0}]}}
19:22:15.182 [qtp846993064-57] DEBUG org.eclipse.jetty.server.HttpConnection -- HttpConnection@3cbb94db::SocketChannelEndPoint@78818448[{l=/[0:0:0:0:0:0:0:1]:8081,r=/[0:0:0:0:0:0:0:1]:63653,OPEN,fill=-,flush=-,to=2/30000}{io=0/0,kio=0,kro=1}]->[HttpConnection@3cbb94db[p=HttpParser{s=START,0 of -1},g=HttpGenerator@732cc63d{s=START}]=>HttpChannelOverHttp@6e3a6b34{s=HttpChannelState@1e52e48f{s=IDLE rs=BLOCKING os=OPEN is=IDLE awp=false se=false i=true al=0},r=0,c=false/false,a=IDLE,uri=null,age=0}] onFillable enter HttpChannelState@1e52e48f{s=IDLE rs=BLOCKING os=OPEN is=IDLE awp=false se=false i=true al=0} null
19:22:15.182 [qtp846993064-57] DEBUG org.eclipse.jetty.util.Pool -- RetainedBucket@6552bc33[inUse=0,size=1,max=-1,closed=false]{capacity=8192,inuse=0(0%)} returning new reserved entry MonoEntry@e112686{PENDING,pooled=null}
19:22:15.184 [qtp846993064-57] DEBUG org.eclipse.jetty.io.SocketChannelEndPoint -- filled 77 DirectByteBuffer@2a45e386[p=0,l=77,c=8192,r=77]={<<<GET / HTTP/1.1\r\nHost: loc.../8.7.1\r\nAccept: */*\r\n\r\n>>>\x00\x00\x00\x00\x00\x00\x00\x00\x00...\x00\x00\x00\x00\x00\x00\x00}
19:22:15.184 [qtp846993064-57] DEBUG org.eclipse.jetty.server.HttpConnection -- HttpConnection@3cbb94db::SocketChannelEndPoint@78818448[{l=/[0:0:0:0:0:0:0:1]:8081,r=/[0:0:0:0:0:0:0:1]:63653,OPEN,fill=-,flush=-,to=0/30000}{io=0/0,kio=0,kro=1}]->[HttpConnection@3cbb94db[p=HttpParser{s=START,0 of -1},g=HttpGenerator@732cc63d{s=START}]=>HttpChannelOverHttp@6e3a6b34{s=HttpChannelState@1e52e48f{s=IDLE rs=BLOCKING os=OPEN is=IDLE awp=false se=false i=true al=0},r=0,c=false/false,a=IDLE,uri=null,age=0}] filled 77 RetainableByteBuffer@37db0216{DirectByteBuffer@2a45e386[p=0,l=77,c=8192,r=77]={<<<GET / HTTP/1.1\r\nHost: loc.../8.7.1\r\nAccept: */*\r\n\r\n>>>\x00\x00\x00\x00\x00\x00\x00\x00\x00...\x00\x00\x00\x00\x00\x00\x00},r=1}
19:22:15.184 [qtp846993064-57] DEBUG org.eclipse.jetty.server.HttpConnection -- HttpConnection@3cbb94db::SocketChannelEndPoint@78818448[{l=/[0:0:0:0:0:0:0:1]:8081,r=/[0:0:0:0:0:0:0:1]:63653,OPEN,fill=-,flush=-,to=0/30000}{io=0/0,kio=0,kro=1}]->[HttpConnection@3cbb94db[p=HttpParser{s=START,0 of -1},g=HttpGenerator@732cc63d{s=START}]=>HttpChannelOverHttp@6e3a6b34{s=HttpChannelState@1e52e48f{s=IDLE rs=BLOCKING os=OPEN is=IDLE awp=false se=false i=true al=0},r=0,c=false/false,a=IDLE,uri=null,age=0}] parse RetainableByteBuffer@37db0216{DirectByteBuffer@2a45e386[p=0,l=77,c=8192,r=77]={<<<GET / HTTP/1.1\r\nHost: loc.../8.7.1\r\nAccept: */*\r\n\r\n>>>\x00\x00\x00\x00\x00\x00\x00\x00\x00...\x00\x00\x00\x00\x00\x00\x00},r=1}
19:22:15.184 [qtp846993064-57] DEBUG org.eclipse.jetty.http.HttpParser -- parseNext s=START DirectByteBuffer@2a45e386[p=0,l=77,c=8192,r=77]={<<<GET / HTTP/1.1\r\nHost: loc.../8.7.1\r\nAccept: */*\r\n\r\n>>>\x00\x00\x00\x00\x00\x00\x00\x00\x00...\x00\x00\x00\x00\x00\x00\x00}
19:22:15.184 [qtp846993064-57] DEBUG org.eclipse.jetty.http.HttpParser -- START --> SPACE1
19:22:15.185 [qtp846993064-57] DEBUG org.eclipse.jetty.http.HttpParser -- SPACE1 --> URI
19:22:15.185 [qtp846993064-57] DEBUG org.eclipse.jetty.http.HttpParser -- URI --> SPACE2
19:22:15.185 [qtp846993064-57] DEBUG org.eclipse.jetty.http.HttpParser -- SPACE2 --> REQUEST_VERSION
19:22:15.185 [qtp846993064-57] DEBUG org.eclipse.jetty.http.HttpParser -- REQUEST_VERSION --> HEADER
19:22:15.185 [qtp846993064-57] DEBUG org.eclipse.jetty.http.HttpParser -- HEADER:Host --> VALUE
19:22:15.185 [qtp846993064-57] DEBUG org.eclipse.jetty.http.HttpParser -- HEADER:Host --> IN_VALUE
19:22:15.185 [qtp846993064-57] DEBUG org.eclipse.jetty.http.HttpParser -- HEADER:Host --> FIELD
19:22:15.185 [qtp846993064-57] DEBUG org.eclipse.jetty.http.HttpParser -- parsedHeader(Host: localhost:8081) header=Host, headerString=[Host], valueString=[localhost:8081]
19:22:15.185 [qtp846993064-57] DEBUG org.eclipse.jetty.http.HttpParser -- HEADER:User-Agent --> VALUE
19:22:15.185 [qtp846993064-57] DEBUG org.eclipse.jetty.http.HttpParser -- HEADER:User-Agent --> IN_VALUE
19:22:15.185 [qtp846993064-57] DEBUG org.eclipse.jetty.http.HttpParser -- HEADER:User-Agent --> FIELD
19:22:15.185 [qtp846993064-57] DEBUG org.eclipse.jetty.http.HttpParser -- parsedHeader(User-Agent: curl/8.7.1) header=User-Agent, headerString=[User-Agent], valueString=[curl/8.7.1]
19:22:15.185 [qtp846993064-57] DEBUG org.eclipse.jetty.http.HttpParser -- HEADER:Accept: */* --> IN_VALUE
19:22:15.185 [qtp846993064-57] DEBUG org.eclipse.jetty.http.HttpParser -- HEADER:Accept: */* --> FIELD
19:22:15.185 [qtp846993064-57] DEBUG org.eclipse.jetty.http.HttpParser -- parsedHeader(Accept: */*) header=Accept, headerString=[Accept], valueString=[*/*]
19:22:15.186 [qtp846993064-57] DEBUG org.eclipse.jetty.http.HttpParser -- HEADER --> CONTENT
19:22:15.186 [qtp846993064-57] DEBUG org.eclipse.jetty.server.HttpInput -- reopen HttpInput@908916040 cs=HttpChannelState@1e52e48f{s=IDLE rs=BLOCKING os=OPEN is=IDLE awp=false se=false i=true al=0} cp=org.eclipse.jetty.server.BlockingContentProducer@24ce91d6 eof=false
19:22:15.187 [qtp846993064-57] DEBUG org.eclipse.jetty.server.BlockingContentProducer -- reopening org.eclipse.jetty.server.BlockingContentProducer@24ce91d6
19:22:15.187 [qtp846993064-57] DEBUG org.eclipse.jetty.server.AsyncContentProducer -- reopening AsyncContentProducer@5e41fa25[r=null,t=null,i=null,error=false,c=HttpChannelOverHttp@6e3a6b34{s=HttpChannelState@1e52e48f{s=IDLE rs=BLOCKING os=OPEN is=IDLE awp=false se=false i=true al=0},r=1,c=false/false,a=IDLE,uri=null,age=1}]
19:22:15.187 [qtp846993064-57] DEBUG org.eclipse.jetty.server.HttpChannel -- REQUEST for / on HttpChannelOverHttp@6e3a6b34{s=HttpChannelState@1e52e48f{s=IDLE rs=BLOCKING os=OPEN is=IDLE awp=false se=false i=true al=0},r=1,c=false/false,a=IDLE,uri=http://localhost:8081/,age=1}
GET / HTTP/1.1
Host: localhost:8081
User-Agent: curl/8.7.1
Accept: */*


19:22:15.188 [qtp846993064-57] DEBUG org.eclipse.jetty.server.HttpConnection -- HttpConnection@3cbb94db::SocketChannelEndPoint@78818448[{l=/[0:0:0:0:0:0:0:1]:8081,r=/[0:0:0:0:0:0:0:1]:63653,OPEN,fill=-,flush=-,to=4/30000}{io=0/0,kio=0,kro=1}]->[HttpConnection@3cbb94db[p=HttpParser{s=CONTENT,0 of -1},g=HttpGenerator@732cc63d{s=START}]=>HttpChannelOverHttp@6e3a6b34{s=HttpChannelState@1e52e48f{s=IDLE rs=BLOCKING os=OPEN is=IDLE awp=false se=false i=true al=0},r=1,c=false/false,a=IDLE,uri=http://localhost:8081/,age=2}] parsed true HttpParser{s=CONTENT,0 of -1}
19:22:15.188 [qtp846993064-57] DEBUG org.eclipse.jetty.server.HttpConnection -- releaseRequestBuffer HttpConnection@3cbb94db::SocketChannelEndPoint@78818448[{l=/[0:0:0:0:0:0:0:1]:8081,r=/[0:0:0:0:0:0:0:1]:63653,OPEN,fill=-,flush=-,to=4/30000}{io=0/0,kio=0,kro=1}]->[HttpConnection@3cbb94db[p=HttpParser{s=CONTENT,0 of -1},g=HttpGenerator@732cc63d{s=START}]=>HttpChannelOverHttp@6e3a6b34{s=HttpChannelState@1e52e48f{s=IDLE rs=BLOCKING os=OPEN is=IDLE awp=false se=false i=true al=0},r=1,c=false/false,a=IDLE,uri=http://localhost:8081/,age=2}]
19:22:15.188 [qtp846993064-57] DEBUG org.eclipse.jetty.server.HttpChannel -- handle http://localhost:8081/ HttpChannelOverHttp@6e3a6b34{s=HttpChannelState@1e52e48f{s=IDLE rs=BLOCKING os=OPEN is=IDLE awp=false se=false i=true al=0},r=1,c=false/false,a=IDLE,uri=http://localhost:8081/,age=2} 
19:22:15.188 [qtp846993064-57] DEBUG org.eclipse.jetty.server.HttpChannelState -- handling HttpChannelState@1e52e48f{s=IDLE rs=BLOCKING os=OPEN is=IDLE awp=false se=false i=true al=0}
19:22:15.188 [qtp846993064-57] DEBUG org.eclipse.jetty.server.HttpChannel -- action DISPATCH HttpChannelOverHttp@6e3a6b34{s=HttpChannelState@1e52e48f{s=HANDLING rs=BLOCKING os=OPEN is=IDLE awp=false se=false i=true al=0},r=1,c=false/false,a=HANDLING,uri=http://localhost:8081/,age=2}
19:22:15.189 [qtp846993064-57] DEBUG org.eclipse.jetty.server.Server -- REQUEST GET / ?null on HttpChannelOverHttp@6e3a6b34{s=HttpChannelState@1e52e48f{s=HANDLING rs=BLOCKING os=OPEN is=IDLE awp=false se=false i=true al=0},r=1,c=false/false,a=HANDLING,uri=http://localhost:8081/,age=3}
19:22:15.189 [qtp846993064-57] DEBUG org.eclipse.jetty.server.handler.ContextHandler -- scope null||/ @ o.e.j.s.ServletContextHandler@78f77db8{/,null,AVAILABLE}
19:22:15.189 [qtp846993064-57] DEBUG org.eclipse.jetty.server.handler.ContextHandler -- context=||/ @ o.e.j.s.ServletContextHandler@78f77db8{/,null,AVAILABLE}
19:22:15.189 [qtp846993064-57] DEBUG org.eclipse.jetty.servlet.ServletHandler -- servlet |/|null|ServletPathMapping{matchValue=, pattern=/, servletName=org.eclipse.jetty.servlet.ServletHandler$Default404Servlet-64f4c561, mappingMatch=DEFAULT, servletPath=/, pathInfo=null} -> org.eclipse.jetty.servlet.ServletHandler$Default404Servlet-64f4c561==org.eclipse.jetty.servlet.ServletHandler$Default404Servlet@b6852dcd{jsp=null,order=-1,inst=false,async=true,src=EMBEDDED:null,STARTED}
19:22:15.190 [qtp846993064-57] DEBUG org.eclipse.jetty.servlet.ServletHandler -- ServletHandler@e480fb2{STARTED} cached filter chain for REQUEST: Chain@ffad964(org.ninjax.core.NinjaJetty$NinjaServletFilter-7222036a==org.ninjax.core.NinjaJetty$NinjaServletFilter@7222036a{inst=true,async=true,src=EMBEDDED:null})->ChainEnd@2483077a(org.eclipse.jetty.servlet.ServletHandler$Default404Servlet-64f4c561==org.eclipse.jetty.servlet.ServletHandler$Default404Servlet@b6852dcd{jsp=null,order=-1,inst=false,async=true,src=EMBEDDED:null,STARTED})
19:22:15.190 [qtp846993064-57] DEBUG org.eclipse.jetty.servlet.ServletHandler -- chain=Chain@ffad964(org.ninjax.core.NinjaJetty$NinjaServletFilter-7222036a==org.ninjax.core.NinjaJetty$NinjaServletFilter@7222036a{inst=true,async=true,src=EMBEDDED:null})->ChainEnd@2483077a(org.eclipse.jetty.servlet.ServletHandler$Default404Servlet-64f4c561==org.eclipse.jetty.servlet.ServletHandler$Default404Servlet@b6852dcd{jsp=null,order=-1,inst=false,async=true,src=EMBEDDED:null,STARTED})
19:22:15.192 [qtp846993064-57] DEBUG org.eclipse.jetty.servlet.ServletHolder -- Servlet.init null for org.eclipse.jetty.servlet.ServletHandler$Default404Servlet-64f4c561
19:22:15.298 [qtp846993064-57] DEBUG org.eclipse.jetty.server.HttpOutput -- write(array HeapByteBuffer@bf250e7[p=0,l=98,c=98,r=98]={<<<Error: Mapping bean class...g columns in result set>>>})
19:22:15.298 [qtp846993064-57] DEBUG org.eclipse.jetty.server.HttpOutput -- write(array) s=OPEN,api=BLOCKING,sc=false,e=null aggregated !flush DirectByteBuffer@be5d40d[p=0,l=98,c=32768,r=98]={<<<Error: Mapping bean class...g columns in result set>>>\x00\x00\x00\x00\x00\x00\x00\x00\x00...\x00\x00\x00\x00\x00\x00\x00}
19:22:15.298 [qtp846993064-57] DEBUG org.eclipse.jetty.server.Server -- handled=true async=false committed=false on HttpChannelOverHttp@6e3a6b34{s=HttpChannelState@1e52e48f{s=HANDLING rs=BLOCKING os=OPEN is=IDLE awp=false se=false i=true al=0},r=1,c=false/false,a=HANDLING,uri=http://localhost:8081/,age=112}
19:22:15.298 [qtp846993064-57] DEBUG org.eclipse.jetty.server.HttpChannelState -- unhandle HttpChannelState@1e52e48f{s=HANDLING rs=BLOCKING os=OPEN is=IDLE awp=false se=false i=true al=0}
19:22:15.298 [qtp846993064-57] DEBUG org.eclipse.jetty.server.HttpChannelState -- nextAction(false) COMPLETE HttpChannelState@1e52e48f{s=HANDLING rs=COMPLETING os=OPEN is=IDLE awp=false se=false i=false al=0}
19:22:15.298 [qtp846993064-57] DEBUG org.eclipse.jetty.server.HttpChannel -- action COMPLETE HttpChannelOverHttp@6e3a6b34{s=HttpChannelState@1e52e48f{s=HANDLING rs=COMPLETING os=OPEN is=IDLE awp=false se=false i=false al=0},r=1,c=false/false,a=HANDLING,uri=http://localhost:8081/,age=112}
19:22:15.298 [qtp846993064-57] DEBUG org.eclipse.jetty.server.HttpInput -- consumeAll HttpInput@908916040 cs=HttpChannelState@1e52e48f{s=HANDLING rs=COMPLETING os=OPEN is=IDLE awp=false se=false i=false al=0} cp=org.eclipse.jetty.server.BlockingContentProducer@24ce91d6 eof=false
19:22:15.298 [qtp846993064-57] DEBUG org.eclipse.jetty.server.HttpChannelOverHttp -- failing all content with org.eclipse.jetty.util.StaticException: Unconsumed content HttpChannelOverHttp@6e3a6b34{s=HttpChannelState@1e52e48f{s=HANDLING rs=COMPLETING os=OPEN is=IDLE awp=false se=false i=false al=0},r=1,c=false/false,a=HANDLING,uri=http://localhost:8081/,age=112}
19:22:15.298 [qtp846993064-57] DEBUG org.eclipse.jetty.server.HttpChannelOverHttp -- produceContent has no content, parsing and filling
19:22:15.298 [qtp846993064-57] DEBUG org.eclipse.jetty.server.HttpConnection -- HttpConnection@3cbb94db::SocketChannelEndPoint@78818448[{l=/[0:0:0:0:0:0:0:1]:8081,r=/[0:0:0:0:0:0:0:1]:63653,OPEN,fill=-,flush=-,to=114/30000}{io=0/0,kio=0,kro=1}]->[HttpConnection@3cbb94db[p=HttpParser{s=CONTENT,0 of -1},g=HttpGenerator@732cc63d{s=START}]=>HttpChannelOverHttp@6e3a6b34{s=HttpChannelState@1e52e48f{s=HANDLING rs=COMPLETING os=OPEN is=IDLE awp=false se=false i=false al=0},r=1,c=false/false,a=HANDLING,uri=http://localhost:8081/,age=112}] parse null
19:22:15.298 [qtp846993064-57] DEBUG org.eclipse.jetty.http.HttpParser -- parseNext s=CONTENT HeapByteBuffer@17178fe[p=0,l=0,c=0,r=0]={<<<>>>}
19:22:15.298 [qtp846993064-57] DEBUG org.eclipse.jetty.http.HttpParser -- CONTENT --> CONTENT_END
19:22:15.298 [qtp846993064-57] DEBUG org.eclipse.jetty.server.HttpChannel -- onContentComplete HttpChannelOverHttp@6e3a6b34{s=HttpChannelState@1e52e48f{s=HANDLING rs=COMPLETING os=OPEN is=IDLE awp=false se=false i=false al=0},r=1,c=false/false,a=HANDLING,uri=http://localhost:8081/,age=112}
19:22:15.298 [qtp846993064-57] DEBUG org.eclipse.jetty.http.HttpParser -- CONTENT_END --> END
19:22:15.298 [qtp846993064-57] DEBUG org.eclipse.jetty.server.HttpChannel -- onRequestComplete HttpChannelOverHttp@6e3a6b34{s=HttpChannelState@1e52e48f{s=HANDLING rs=COMPLETING os=OPEN is=IDLE awp=false se=false i=false al=0},r=1,c=false/false,a=HANDLING,uri=http://localhost:8081/,age=112}
19:22:15.298 [qtp846993064-57] DEBUG org.eclipse.jetty.server.HttpChannelOverHttp -- received EOF, content = null
19:22:15.298 [qtp846993064-57] DEBUG org.eclipse.jetty.server.HttpConnection -- HttpConnection@3cbb94db::SocketChannelEndPoint@78818448[{l=/[0:0:0:0:0:0:0:1]:8081,r=/[0:0:0:0:0:0:0:1]:63653,OPEN,fill=-,flush=-,to=114/30000}{io=0/0,kio=0,kro=1}]->[HttpConnection@3cbb94db[p=HttpParser{s=END,0 of -1},g=HttpGenerator@732cc63d{s=START}]=>HttpChannelOverHttp@6e3a6b34{s=HttpChannelState@1e52e48f{s=HANDLING rs=COMPLETING os=OPEN is=IDLE awp=false se=false i=false al=0},r=1,c=false/false,a=HANDLING,uri=http://localhost:8081/,age=112}] parsed false HttpParser{s=END,0 of -1}
19:22:15.298 [qtp846993064-57] DEBUG org.eclipse.jetty.server.HttpChannelOverHttp -- produceContent produced EofContent
19:22:15.298 [qtp846993064-57] DEBUG org.eclipse.jetty.server.HttpChannelOverHttp -- failed all content, EOF = true
19:22:15.298 [qtp846993064-57] DEBUG org.eclipse.jetty.server.AsyncContentProducer -- failed all content of http channel EOF=true AsyncContentProducer@5e41fa25[r=ErrorContent [org.eclipse.jetty.util.StaticException: Unconsumed content],t=ErrorContent [org.eclipse.jetty.util.StaticException: Unconsumed content],i=null,error=false,c=HttpChannelOverHttp@6e3a6b34{s=HttpChannelState@1e52e48f{s=HANDLING rs=COMPLETING os=OPEN is=IDLE awp=false se=false i=false al=0},r=1,c=false/false,a=HANDLING,uri=http://localhost:8081/,age=112}]
19:22:15.298 [qtp846993064-57] DEBUG org.eclipse.jetty.server.HttpInput -- isFinished=true HttpInput@908916040 cs=HttpChannelState@1e52e48f{s=HANDLING rs=COMPLETING os=OPEN is=IDLE awp=false se=false i=false al=0} cp=org.eclipse.jetty.server.BlockingContentProducer@24ce91d6 eof=true
19:22:15.298 [qtp846993064-57] DEBUG org.eclipse.jetty.server.AsyncContentProducer -- isError = false AsyncContentProducer@5e41fa25[r=ErrorContent [org.eclipse.jetty.util.StaticException: Unconsumed content],t=ErrorContent [org.eclipse.jetty.util.StaticException: Unconsumed content],i=null,error=false,c=HttpChannelOverHttp@6e3a6b34{s=HttpChannelState@1e52e48f{s=HANDLING rs=COMPLETING os=OPEN is=IDLE awp=false se=false i=false al=0},r=1,c=false/false,a=HANDLING,uri=http://localhost:8081/,age=112}]
19:22:15.298 [qtp846993064-57] DEBUG org.eclipse.jetty.server.HttpInput -- isError=false HttpInput@908916040 cs=HttpChannelState@1e52e48f{s=HANDLING rs=COMPLETING os=OPEN is=IDLE awp=false se=false i=false al=0} cp=org.eclipse.jetty.server.BlockingContentProducer@24ce91d6 eof=true
19:22:15.299 [qtp846993064-57] DEBUG org.eclipse.jetty.server.HttpOutput -- complete(org.eclipse.jetty.util.Callback$3@4212f797) s=CLOSING,api=BLOCKED,sc=false,e=null s=false e=null, c=DirectByteBuffer@be5d40d[p=0,l=98,c=32768,r=98]={<<<Error: Mapping bean class...g columns in result set>>>\x00\x00\x00\x00\x00\x00\x00\x00\x00...\x00\x00\x00\x00\x00\x00\x00}
19:22:15.299 [qtp846993064-57] DEBUG org.eclipse.jetty.server.HttpChannel -- sendResponse info=null content=DirectByteBuffer@be5d40d[p=0,l=98,c=32768,r=98]={<<<Error: Mapping bean class...g columns in result set>>>\x00\x00\x00\x00\x00\x00\x00\x00\x00...\x00\x00\x00\x00\x00\x00\x00} complete=true committing=true callback=org.eclipse.jetty.server.HttpOutput$WriteCompleteCB@fb8dc91
19:22:15.299 [qtp846993064-57] DEBUG org.eclipse.jetty.server.HttpChannel -- COMMIT for / on HttpChannelOverHttp@6e3a6b34{s=HttpChannelState@1e52e48f{s=HANDLING rs=COMPLETING os=COMMITTED is=IDLE awp=false se=false i=false al=0},r=1,c=false/false,a=HANDLING,uri=http://localhost:8081/,age=113}
500 null HTTP/1.1
Date: Tue, 13 Jan 2026 18:22:15 GMT
Content-Type: text/plain


19:22:15.300 [qtp846993064-57] DEBUG org.eclipse.jetty.server.HttpConnection -- generate: NEED_HEADER for SendCallback@2770fe2[PROCESSING][i=HTTP/1.1{s=500,h=2,cl=-1},cb=org.eclipse.jetty.server.HttpChannel$SendCallback@413e4901] (null,[p=0,l=98,c=32768,r=98],true)@START
19:22:15.300 [qtp846993064-57] DEBUG org.eclipse.jetty.http.HttpGenerator -- generateHeaders HTTP/1.1{s=500,h=2,cl=-1} last=true content=DirectByteBuffer@be5d40d[p=0,l=98,c=32768,r=98]={<<<Error: Mapping bean class...g columns in result set>>>\x00\x00\x00\x00\x00\x00\x00\x00\x00...\x00\x00\x00\x00\x00\x00\x00}
19:22:15.300 [qtp846993064-57] DEBUG org.eclipse.jetty.http.HttpGenerator -- Date: Tue, 13 Jan 2026 18:22:15 GMT
Content-Type: text/plain


19:22:15.300 [qtp846993064-57] DEBUG org.eclipse.jetty.http.HttpGenerator -- CONTENT_LENGTH
19:22:15.300 [qtp846993064-57] DEBUG org.eclipse.jetty.server.HttpConnection -- generate: FLUSH for SendCallback@2770fe2[PROCESSING][i=HTTP/1.1{s=500,h=2,cl=-1},cb=org.eclipse.jetty.server.HttpChannel$SendCallback@413e4901] ([p=0,l=136,c=8192,r=136],[p=0,l=98,c=32768,r=98],true)@COMPLETING
19:22:15.300 [qtp846993064-57] DEBUG org.eclipse.jetty.io.WriteFlusher -- write: WriteFlusher@23122912{IDLE}->null [DirectByteBuffer@4534bceb[p=0,l=136,c=8192,r=136]={<<<HTTP/1.1 500 Server Error...ver: Jetty(11.0.25)\r\n\r\n>>>\x00\x00\x00\x00\x00\x00\x00\x00\x00...\x00\x00\x00\x00\x00\x00\x00},DirectByteBuffer@be5d40d[p=0,l=98,c=32768,r=98]={<<<Error: Mapping bean class...g columns in result set>>>\x00\x00\x00\x00\x00\x00\x00\x00\x00...\x00\x00\x00\x00\x00\x00\x00}]
19:22:15.300 [qtp846993064-57] DEBUG org.eclipse.jetty.io.WriteFlusher -- update WriteFlusher@23122912{WRITING}->null:IDLE-->WRITING
19:22:15.301 [qtp846993064-57] DEBUG org.eclipse.jetty.io.SocketChannelEndPoint -- flushed 234 SocketChannelEndPoint@78818448[{l=/[0:0:0:0:0:0:0:1]:8081,r=/[0:0:0:0:0:0:0:1]:63653,OPEN,fill=-,flush=W,to=117/30000}{io=0/0,kio=0,kro=1}]->[HttpConnection@3cbb94db[p=HttpParser{s=END,0 of -1},g=HttpGenerator@732cc63d{s=COMPLETING}]=>HttpChannelOverHttp@6e3a6b34{s=HttpChannelState@1e52e48f{s=HANDLING rs=COMPLETING os=COMMITTED is=IDLE awp=false se=false i=false al=0},r=1,c=false/false,a=HANDLING,uri=http://localhost:8081/,age=115}]
19:22:15.301 [qtp846993064-57] DEBUG org.eclipse.jetty.io.WriteFlusher -- Flushed=true written=234 remaining=0 WriteFlusher@23122912{WRITING}->null
19:22:15.301 [qtp846993064-57] DEBUG org.eclipse.jetty.io.WriteFlusher -- update WriteFlusher@23122912{IDLE}->null:WRITING-->IDLE
19:22:15.301 [qtp846993064-57] DEBUG org.eclipse.jetty.server.HttpConnection -- generate: DONE for SendCallback@2770fe2[PROCESSING][i=HTTP/1.1{s=500,h=2,cl=-1},cb=org.eclipse.jetty.server.HttpChannel$SendCallback@413e4901] ([p=136,l=136,c=8192,r=0],[p=98,l=98,c=32768,r=0],true)@END
19:22:15.301 [qtp846993064-57] DEBUG org.eclipse.jetty.server.HttpOutput -- onWriteComplete(true,null) s=CLOSING,api=BLOCKED,sc=false,e=null->s=CLOSED,api=BLOCKING,sc=false,e=null c=null cb=org.eclipse.jetty.util.Callback$3@4212f797 w=false
19:22:15.301 [qtp846993064-57] DEBUG org.eclipse.jetty.server.HttpChannelState -- completed HttpChannelState@1e52e48f{s=HANDLING rs=COMPLETING os=COMPLETED is=IDLE awp=false se=false i=false al=0}
19:22:15.301 [qtp846993064-57] DEBUG org.eclipse.jetty.server.HttpChannelState -- unhandle HttpChannelState@1e52e48f{s=HANDLING rs=COMPLETED os=COMPLETED is=IDLE awp=false se=false i=false al=0}
19:22:15.301 [qtp846993064-57] DEBUG org.eclipse.jetty.server.HttpChannelState -- nextAction(false) TERMINATED HttpChannelState@1e52e48f{s=IDLE rs=COMPLETED os=COMPLETED is=IDLE awp=false se=false i=false al=0}
19:22:15.301 [qtp846993064-57] DEBUG org.eclipse.jetty.server.HttpChannel -- action TERMINATED HttpChannelOverHttp@6e3a6b34{s=HttpChannelState@1e52e48f{s=IDLE rs=COMPLETED os=COMPLETED is=IDLE awp=false se=false i=false al=0},r=1,c=true/true,a=IDLE,uri=http://localhost:8081/,age=115}
19:22:15.301 [qtp846993064-57] DEBUG org.eclipse.jetty.server.HttpChannel -- onCompleted for / written=98
19:22:15.301 [qtp846993064-57] DEBUG org.eclipse.jetty.server.HttpInput -- consumeAll HttpInput@908916040 cs=HttpChannelState@1e52e48f{s=IDLE rs=COMPLETED os=COMPLETED is=IDLE awp=false se=false i=false al=0} cp=org.eclipse.jetty.server.BlockingContentProducer@24ce91d6 eof=true
19:22:15.301 [qtp846993064-57] DEBUG org.eclipse.jetty.server.HttpChannelOverHttp -- failing all content with org.eclipse.jetty.util.StaticException: Unconsumed content HttpChannelOverHttp@6e3a6b34{s=HttpChannelState@1e52e48f{s=IDLE rs=COMPLETED os=COMPLETED is=IDLE awp=false se=false i=false al=0},r=1,c=true/true,a=IDLE,uri=http://localhost:8081/,age=115}
19:22:15.301 [qtp846993064-57] DEBUG org.eclipse.jetty.server.AsyncContentProducer -- failed all content of http channel EOF=true AsyncContentProducer@5e41fa25[r=ErrorContent [org.eclipse.jetty.util.StaticException: Unconsumed content],t=ErrorContent [org.eclipse.jetty.util.StaticException: Unconsumed content],i=null,error=false,c=HttpChannelOverHttp@6e3a6b34{s=HttpChannelState@1e52e48f{s=IDLE rs=COMPLETED os=COMPLETED is=IDLE awp=false se=false i=false al=0},r=1,c=true/true,a=IDLE,uri=http://localhost:8081/,age=115}]
19:22:15.301 [qtp846993064-57] DEBUG org.eclipse.jetty.server.HttpInput -- isFinished=true HttpInput@908916040 cs=HttpChannelState@1e52e48f{s=IDLE rs=COMPLETED os=COMPLETED is=IDLE awp=false se=false i=false al=0} cp=org.eclipse.jetty.server.BlockingContentProducer@24ce91d6 eof=true
19:22:15.301 [qtp846993064-57] DEBUG org.eclipse.jetty.server.AsyncContentProducer -- isError = false AsyncContentProducer@5e41fa25[r=ErrorContent [org.eclipse.jetty.util.StaticException: Unconsumed content],t=ErrorContent [org.eclipse.jetty.util.StaticException: Unconsumed content],i=null,error=false,c=HttpChannelOverHttp@6e3a6b34{s=HttpChannelState@1e52e48f{s=IDLE rs=COMPLETED os=COMPLETED is=IDLE awp=false se=false i=false al=0},r=1,c=true/true,a=IDLE,uri=http://localhost:8081/,age=115}]
19:22:15.302 [qtp846993064-57] DEBUG org.eclipse.jetty.server.HttpInput -- isError=false HttpInput@908916040 cs=HttpChannelState@1e52e48f{s=IDLE rs=COMPLETED os=COMPLETED is=IDLE awp=false se=false i=false al=0} cp=org.eclipse.jetty.server.BlockingContentProducer@24ce91d6 eof=true
19:22:15.302 [qtp846993064-57] DEBUG org.eclipse.jetty.server.HttpChannelState -- recycle HttpChannelState@1e52e48f{s=IDLE rs=COMPLETED os=COMPLETED is=IDLE awp=false se=false i=false al=0}
19:22:15.302 [qtp846993064-57] DEBUG org.eclipse.jetty.server.HttpInput -- recycle HttpInput@908916040 cs=HttpChannelState@1e52e48f{s=IDLE rs=BLOCKING os=OPEN is=IDLE awp=false se=false i=true al=0} cp=org.eclipse.jetty.server.BlockingContentProducer@24ce91d6 eof=true
19:22:15.302 [qtp846993064-57] DEBUG org.eclipse.jetty.server.BlockingContentProducer -- recycling org.eclipse.jetty.server.BlockingContentProducer@24ce91d6
19:22:15.302 [qtp846993064-57] DEBUG org.eclipse.jetty.server.AsyncContentProducer -- recycling AsyncContentProducer@5e41fa25[r=ErrorContent [org.eclipse.jetty.util.StaticException: Unconsumed content],t=ErrorContent [org.eclipse.jetty.util.StaticException: Unconsumed content],i=null,error=false,c=HttpChannelOverHttp@6e3a6b34{s=HttpChannelState@1e52e48f{s=IDLE rs=BLOCKING os=OPEN is=IDLE awp=false se=false i=true al=0},r=1,c=false/false,a=IDLE,uri=http://localhost:8081/,age=116}]
19:22:15.302 [qtp846993064-57] DEBUG org.eclipse.jetty.http.HttpParser -- reset HttpParser{s=END,0 of -1}
19:22:15.302 [qtp846993064-57] DEBUG org.eclipse.jetty.http.HttpParser -- END --> START
19:22:15.302 [qtp846993064-57] DEBUG org.eclipse.jetty.server.HttpChannel -- !handle TERMINATED HttpChannelOverHttp@6e3a6b34{s=HttpChannelState@1e52e48f{s=IDLE rs=BLOCKING os=OPEN is=IDLE awp=false se=false i=true al=0},r=1,c=false/false,a=IDLE,uri=null,age=0}
19:22:15.302 [qtp846993064-57] DEBUG org.eclipse.jetty.io.AbstractEndPoint -- shutdownInput SocketChannelEndPoint@78818448[{l=/[0:0:0:0:0:0:0:1]:8081,r=/[0:0:0:0:0:0:0:1]:63653,OPEN,fill=-,flush=-,to=1/30000}{io=0/0,kio=0,kro=1}]->[HttpConnection@3cbb94db[p=HttpParser{s=START,0 of -1},g=HttpGenerator@732cc63d{s=START}]=>HttpChannelOverHttp@6e3a6b34{s=HttpChannelState@1e52e48f{s=IDLE rs=BLOCKING os=OPEN is=IDLE awp=false se=false i=true al=0},r=1,c=false/false,a=IDLE,uri=null,age=0}]
19:22:15.302 [qtp846993064-57] DEBUG org.eclipse.jetty.io.SocketChannelEndPoint -- filled -1 DirectByteBuffer@2a45e386[p=0,l=0,c=8192,r=0]={<<<>>>GET / HTT...\x00\x00\x00\x00\x00\x00\x00}
19:22:15.302 [qtp846993064-57] DEBUG org.eclipse.jetty.http.HttpParser -- atEOF HttpParser{s=START,0 of -1}
19:22:15.302 [qtp846993064-57] DEBUG org.eclipse.jetty.server.HttpConnection -- releaseRequestBuffer HttpConnection@3cbb94db::SocketChannelEndPoint@78818448[{l=/[0:0:0:0:0:0:0:1]:8081,r=/[0:0:0:0:0:0:0:1]:63653,ISHUT,fill=-,flush=-,to=1/30000}{io=0/0,kio=0,kro=1}]->[HttpConnection@3cbb94db[p=HttpParser{s=START,0 of -1},g=HttpGenerator@732cc63d{s=START}]=>HttpChannelOverHttp@6e3a6b34{s=HttpChannelState@1e52e48f{s=IDLE rs=BLOCKING os=OPEN is=IDLE awp=false se=false i=true al=0},r=1,c=false/false,a=IDLE,uri=null,age=0}]
19:22:15.302 [qtp846993064-57] DEBUG org.eclipse.jetty.server.HttpConnection -- HttpConnection@3cbb94db::SocketChannelEndPoint@78818448[{l=/[0:0:0:0:0:0:0:1]:8081,r=/[0:0:0:0:0:0:0:1]:63653,ISHUT,fill=-,flush=-,to=1/30000}{io=0/0,kio=0,kro=1}]->[HttpConnection@3cbb94db[p=HttpParser{s=START,0 of -1},g=HttpGenerator@732cc63d{s=START}]=>HttpChannelOverHttp@6e3a6b34{s=HttpChannelState@1e52e48f{s=IDLE rs=BLOCKING os=OPEN is=IDLE awp=false se=false i=true al=0},r=1,c=false/false,a=IDLE,uri=null,age=0}] filled -1 null
19:22:15.302 [Thread-2] INFO com.zaxxer.hikari.HikariDataSource -- HikariPool-1 - Shutdown initiated...
19:22:15.302 [qtp846993064-57] DEBUG org.eclipse.jetty.server.HttpConnection -- HttpConnection@3cbb94db::SocketChannelEndPoint@78818448[{l=/[0:0:0:0:0:0:0:1]:8081,r=/[0:0:0:0:0:0:0:1]:63653,ISHUT,fill=-,flush=-,to=1/30000}{io=0/0,kio=0,kro=1}]->[HttpConnection@3cbb94db[p=HttpParser{s=START,0 of -1},g=HttpGenerator@732cc63d{s=START}]=>HttpChannelOverHttp@6e3a6b34{s=HttpChannelState@1e52e48f{s=IDLE rs=BLOCKING os=OPEN is=IDLE awp=false se=false i=true al=0},r=1,c=false/false,a=IDLE,uri=null,age=0}] parse null
19:22:15.302 [qtp846993064-57] DEBUG org.eclipse.jetty.http.HttpParser -- parseNext s=START HeapByteBuffer@17178fe[p=0,l=0,c=0,r=0]={<<<>>>}
19:22:15.302 [Thread-2] DEBUG com.zaxxer.hikari.pool.HikariPool -- HikariPool-1 - Before shutdown stats (total=10/10, idle=9/10, active=1, waiting=0)
19:22:15.302 [qtp846993064-57] DEBUG org.eclipse.jetty.http.HttpParser -- START --> CLOSED
19:22:15.302 [qtp846993064-57] DEBUG org.eclipse.jetty.io.AbstractEndPoint -- close SocketChannelEndPoint@78818448[{l=/[0:0:0:0:0:0:0:1]:8081,r=/[0:0:0:0:0:0:0:1]:63653,ISHUT,fill=-,flush=-,to=1/30000}{io=0/0,kio=0,kro=1}]->[HttpConnection@3cbb94db[p=HttpParser{s=CLOSED,0 of -1},g=HttpGenerator@732cc63d{s=START}]=>HttpChannelOverHttp@6e3a6b34{s=HttpChannelState@1e52e48f{s=IDLE rs=BLOCKING os=OPEN is=IDLE awp=false se=false i=true al=0},r=1,c=false/false,a=IDLE,uri=null,age=0}]
19:22:15.302 [qtp846993064-57] DEBUG org.eclipse.jetty.io.AbstractEndPoint -- close(null) SocketChannelEndPoint@78818448[{l=/[0:0:0:0:0:0:0:1]:8081,r=/[0:0:0:0:0:0:0:1]:63653,ISHUT,fill=-,flush=-,to=1/30000}{io=0/0,kio=0,kro=1}]->[HttpConnection@3cbb94db[p=HttpParser{s=CLOSED,0 of -1},g=HttpGenerator@732cc63d{s=START}]=>HttpChannelOverHttp@6e3a6b34{s=HttpChannelState@1e52e48f{s=IDLE rs=BLOCKING os=OPEN is=IDLE awp=false se=false i=true al=0},r=1,c=false/false,a=IDLE,uri=null,age=0}]
19:22:15.303 [qtp846993064-57] DEBUG org.eclipse.jetty.io.SelectableChannelEndPoint -- doClose SocketChannelEndPoint@78818448[{l=/[0:0:0:0:0:0:0:1]:8081,r=/[0:0:0:0:0:0:0:1]:63653,CLOSED,fill=-,flush=-,to=1/30000}{io=0/0,kio=0,kro=1}]->[HttpConnection@3cbb94db[p=HttpParser{s=CLOSED,0 of -1},g=HttpGenerator@732cc63d{s=START}]=>HttpChannelOverHttp@6e3a6b34{s=HttpChannelState@1e52e48f{s=IDLE rs=BLOCKING os=OPEN is=IDLE awp=false se=false i=true al=0},r=1,c=false/false,a=IDLE,uri=null,age=0}]
19:22:15.303 [HikariPool-1:connection-closer] DEBUG com.zaxxer.hikari.pool.PoolBase -- HikariPool-1 - Closing connection conn3: url=jdbc:h2:mem:todo user=SA: (connection evicted)
19:22:15.303 [HikariPool-1:connection-closer] DEBUG com.zaxxer.hikari.pool.PoolBase -- HikariPool-1 - Closing connection conn4: url=jdbc:h2:mem:todo user=SA: (connection evicted)
19:22:15.303 [HikariPool-1:connection-closer] DEBUG com.zaxxer.hikari.pool.PoolBase -- HikariPool-1 - Closing connection conn5: url=jdbc:h2:mem:todo user=SA: (connection evicted)
19:22:15.303 [HikariPool-1:connection-closer] DEBUG com.zaxxer.hikari.pool.PoolBase -- HikariPool-1 - Closing connection conn6: url=jdbc:h2:mem:todo user=SA: (connection evicted)
19:22:15.303 [HikariPool-1:connection-closer] DEBUG com.zaxxer.hikari.pool.PoolBase -- HikariPool-1 - Closing connection conn7: url=jdbc:h2:mem:todo user=SA: (connection evicted)
19:22:15.303 [HikariPool-1:connection-closer] DEBUG com.zaxxer.hikari.pool.PoolBase -- HikariPool-1 - Closing connection conn8: url=jdbc:h2:mem:todo user=SA: (connection evicted)
19:22:15.303 [HikariPool-1:connection-closer] DEBUG com.zaxxer.hikari.pool.PoolBase -- HikariPool-1 - Closing connection conn9: url=jdbc:h2:mem:todo user=SA: (connection evicted)
19:22:15.303 [HikariPool-1:connection-closer] DEBUG com.zaxxer.hikari.pool.PoolBase -- HikariPool-1 - Closing connection conn10: url=jdbc:h2:mem:todo user=SA: (connection evicted)
19:22:15.303 [HikariPool-1:connection-closer] DEBUG com.zaxxer.hikari.pool.PoolBase -- HikariPool-1 - Closing connection conn11: url=jdbc:h2:mem:todo user=SA: (connection evicted)
19:22:15.304 [qtp846993064-57] DEBUG org.eclipse.jetty.io.FillInterest -- onClose FillInterest@19048018{null}
19:22:15.304 [qtp846993064-57] DEBUG org.eclipse.jetty.io.ManagedSelector -- Wakeup ManagedSelector@5d71894d{STARTED} id=1 keys=1 selected=0 updates=0
19:22:15.304 [qtp846993064-57] DEBUG org.eclipse.jetty.util.thread.QueuedThreadPool -- queue org.eclipse.jetty.io.ManagedSelector$DestroyEndPoint@20ad4544 startThread=1
19:22:15.304 [Thread-2] DEBUG com.zaxxer.hikari.pool.HikariPool -- HikariPool-1 - After  shutdown stats (total=0/10, idle=0/10, active=0, waiting=0)
19:22:15.304 [qtp846993064-57] DEBUG org.eclipse.jetty.util.thread.QueuedThreadPool -- Starting Thread[#63,qtp846993064-63,5,org.ninjax.demo.todo.TodoApplication]
19:22:15.304 [Thread-2] INFO com.zaxxer.hikari.HikariDataSource -- HikariPool-1 - Shutdown completed.
19:22:15.304 [qtp846993064-52] DEBUG org.eclipse.jetty.io.ManagedSelector -- Selector sun.nio.ch.KQueueSelectorImpl@6fc7f4a0 woken with none selected
19:22:15.304 [qtp846993064-52] DEBUG org.eclipse.jetty.io.ManagedSelector -- Selector sun.nio.ch.KQueueSelectorImpl@6fc7f4a0 woken up from select, 0/0/0 selected
19:22:15.304 [qtp846993064-52] DEBUG org.eclipse.jetty.io.ManagedSelector -- Selector sun.nio.ch.KQueueSelectorImpl@6fc7f4a0 processing 0 keys, 0 updates
19:22:15.304 [qtp846993064-52] DEBUG org.eclipse.jetty.io.ManagedSelector -- updateable 0
19:22:15.304 [qtp846993064-52] DEBUG org.eclipse.jetty.io.ManagedSelector -- updates 0
19:22:15.304 [qtp846993064-52] DEBUG org.eclipse.jetty.io.ManagedSelector -- Selector sun.nio.ch.KQueueSelectorImpl@6fc7f4a0 waiting with 0 keys
19:22:15.304 [qtp846993064-63] DEBUG org.eclipse.jetty.util.thread.QueuedThreadPool -- Runner started for QueuedThreadPool[qtp846993064]@327c16a8{STARTED,8<=9<=200,i=0,r=-1,t=59999ms,q=0}[ReservedThreadExecutor@3eb57cfc{reserved=1/10,pending=0}]
19:22:15.304 [qtp846993064-57] DEBUG org.eclipse.jetty.server.HttpConnection -- HttpConnection@3cbb94db::SocketChannelEndPoint@78818448[{l=null,r=null,CLOSED,fill=-,flush=-,to=3/30000}{io=0/0,kio=-1,kro=-1}]->[HttpConnection@3cbb94db[p=HttpParser{s=CLOSED,0 of -1},g=HttpGenerator@732cc63d{s=START}]=>HttpChannelOverHttp@6e3a6b34{s=HttpChannelState@1e52e48f{s=IDLE rs=BLOCKING os=OPEN is=IDLE awp=false se=false i=true al=0},r=1,c=false/false,a=IDLE,uri=null,age=0}] parsed false HttpParser{s=CLOSED,0 of -1}
19:22:15.304 [qtp846993064-63] DEBUG org.eclipse.jetty.util.thread.QueuedThreadPool -- run org.eclipse.jetty.io.ManagedSelector$DestroyEndPoint@20ad4544 in QueuedThreadPool[qtp846993064]@327c16a8{STARTED,8<=9<=200,i=0,r=-1,t=59999ms,q=0}[ReservedThreadExecutor@3eb57cfc{reserved=1/10,pending=0}]
19:22:15.304 [qtp846993064-57] DEBUG org.eclipse.jetty.io.AbstractEndPoint -- shutdownOutput SocketChannelEndPoint@78818448[{l=null,r=null,CLOSED,fill=-,flush=-,to=3/30000}{io=0/0,kio=-1,kro=-1}]->[HttpConnection@3cbb94db[p=HttpParser{s=CLOSED,0 of -1},g=HttpGenerator@732cc63d{s=START}]=>HttpChannelOverHttp@6e3a6b34{s=HttpChannelState@1e52e48f{s=IDLE rs=BLOCKING os=OPEN is=IDLE awp=false se=false i=true al=0},r=1,c=false/false,a=IDLE,uri=null,age=0}]
19:22:15.304 [qtp846993064-63] DEBUG org.eclipse.jetty.io.ManagedSelector -- Destroyed SocketChannelEndPoint@78818448[{l=null,r=null,CLOSED,fill=-,flush=-,to=3/30000}{io=0/0,kio=-1,kro=-1}]->[HttpConnection@3cbb94db[p=HttpParser{s=CLOSED,0 of -1},g=HttpGenerator@732cc63d{s=START}]=>HttpChannelOverHttp@6e3a6b34{s=HttpChannelState@1e52e48f{s=IDLE rs=BLOCKING os=OPEN is=IDLE awp=false se=false i=true al=0},r=1,c=false/false,a=IDLE,uri=null,age=0}]
19:22:15.304 [qtp846993064-57] DEBUG org.eclipse.jetty.server.HttpConnection -- HttpConnection@3cbb94db::SocketChannelEndPoint@78818448[{l=null,r=null,CLOSED,fill=-,flush=-,to=3/30000}{io=0/0,kio=-1,kro=-1}]->[HttpConnection@3cbb94db[p=HttpParser{s=CLOSED,0 of -1},g=HttpGenerator@732cc63d{s=START}]=>HttpChannelOverHttp@6e3a6b34{s=HttpChannelState@1e52e48f{s=IDLE rs=BLOCKING os=OPEN is=IDLE awp=false se=false i=true al=0},r=1,c=false/false,a=IDLE,uri=null,age=0}] onFillable exit HttpChannelState@1e52e48f{s=IDLE rs=BLOCKING os=OPEN is=IDLE awp=false se=false i=true al=0} null
